PANTONENAME,UNIQUECODE,L,a,b
100 C,10001,92,-8,65
101 C,10002,92,-9,74
10101 C,10003,85,0,0
10102 C,10004,80,-2,0
10103 C,10005,76,-1,0
10104 C,10006,72,-1,-2
10105 C,10007,71,-1,-1
10106 C,10008,69,-6,27
10107 C,10009,69,-8,37
10108 C,10010,69,-8,46
10109 C,10011,69,-8,54
10110 C,10012,69,-6,63
10111 C,10013,72,-6,72
10112 C,10014,69,-5,17
10113 C,10015,68,-6,30
10114 C,10016,68,-7,39
10115 C,10017,68,-5,47
10116 C,10018,68,-4,56
10117 C,10019,68,-2,64
10118 C,10020,67,-3,29
10119 C,10021,67,-1,38
10120 C,10022,66,1,46
10121 C,10023,65,3,54
10122 C,10024,65,8,61
10123 C,10025,65,12,68
10124 C,10026,67,-2,24
10125 C,10027,65,-2,32
10126 C,10028,63,0,39
10127 C,10029,62,3,44
10128 C,10030,61,8,51
10129 C,10031,60,14,55
10130 C,10032,62,9,21
10131 C,10033,59,13,28
10132 C,10034,57,16,34
10133 C,10035,53,19,39
10134 C,10036,51,22,42
10135 C,10037,48,25,46
10136 C,10038,65,4,12
10137 C,10039,62,9,19
10138 C,10040,58,13,25
10139 C,10041,55,15,31
10140 C,10042,53,19,35
10141 C,10043,49,21,38
10142 C,10044,62,12,24
10143 C,10045,60,17,31
10144 C,10046,58,23,38
10145 C,10047,57,28,45
10146 C,10048,55,33,51
10147 C,10049,54,38,57
10148 C,10050,61,18,14
10149 C,10051,58,24,19
10150 C,10052,55,31,26
10151 C,10053,53,35,33
10152 C,10054,52,41,40
10153 C,10055,51,46,46
10154 C,10056,64,8,6
10155 C,10057,60,15,12
10156 C,10058,56,22,15
10157 C,10059,52,27,20
10158 C,10060,49,33,24
10159 C,10061,47,39,28
10160 C,10062,59,25,0
10161 C,10063,56,32,3
10162 C,10064,53,39,6
10163 C,10065,50,44,12
10164 C,10066,49,48,18
10165 C,10067,48,54,26
10166 C,10068,58,25,-5
10167 C,10069,54,32,-5
10168 C,10070,51,39,-1
10169 C,10071,47,45,0
10170 C,10072,45,50,5
10171 C,10073,43,56,11
10172 C,10074,57,20,-11
10173 C,10075,53,27,-13
10174 C,10076,50,33,-12
10175 C,10077,46,39,-13
10176 C,10078,44,46,-10
10177 C,10079,42,53,-7
10178 C,10080,62,17,-8
10179 C,10081,58,24,-10
10180 C,10082,55,29,-11
10181 C,10083,52,35,-11
10182 C,10084,49,42,-11
10183 C,10085,47,50,-9
10184 C,10086,63,14,-10
10185 C,10087,60,20,-13
10186 C,10088,56,27,-15
10187 C,10089,53,34,-17
10188 C,10090,51,41,-18
10189 C,10091,48,47,-19
10190 C,10092,63,4,-4
10191 C,10093,58,7,-5
10192 C,10094,53,10,-5
10193 C,10095,48,12,-5
10194 C,10096,42,14,-7
10195 C,10097,37,16,-5
10196 C,10098,62,10,-10
10197 C,10099,57,18,-12
10198 C,10100,52,25,-15
10199 C,10101,47,30,-16
102 C,10102,90,-5,87
10200 C,10103,44,37,-17
10201 C,10104,40,41,-16
10202 C,10105,57,16,-14
10203 C,10106,51,22,-16
10204 C,10107,47,25,-17
10205 C,10108,42,29,-19
10206 C,10109,39,33,-20
10207 C,10110,34,37,-21
10208 C,10111,61,12,-12
10209 C,10112,56,19,-17
10210 C,10113,52,23,-20
10211 C,10114,48,29,-24
10212 C,10115,45,33,-26
10213 C,10116,40,38,-30
10214 C,10117,55,14,-19
10215 C,10118,50,18,-26
10216 C,10119,45,21,-31
10217 C,10120,39,26,-36
10218 C,10121,34,30,-41
10219 C,10122,28,34,-45
10220 C,10123,62,6,-12
10221 C,10124,58,9,-15
10222 C,10125,54,11,-19
10223 C,10126,50,15,-25
10224 C,10127,46,19,-29
10225 C,10128,42,22,-33
10226 C,10129,62,5,-13
10227 C,10130,58,6,-16
10228 C,10131,55,9,-20
10229 C,10132,50,11,-25
10230 C,10133,46,13,-29
10231 C,10134,41,16,-35
10232 C,10135,55,6,-18
10233 C,10136,50,7,-22
10234 C,10137,44,11,-27
10235 C,10138,39,13,-31
10236 C,10139,34,17,-35
10237 C,10140,36,15,-34
10238 C,10141,58,4,-17
10239 C,10142,54,7,-25
10240 C,10143,48,8,-30
10241 C,10144,43,11,-35
10242 C,10145,38,15,-42
10243 C,10146,33,18,-46
10244 C,10147,55,-3,-22
10245 C,10148,50,-1,-29
10246 C,10149,44,1,-36
10247 C,10150,39,3,-40
10248 C,10151,34,7,-46
10249 C,10152,29,12,-51
10250 C,10153,64,-2,-11
10251 C,10154,60,-2,-16
10252 C,10155,55,-1,-23
10253 C,10156,51,1,-28
10254 C,10157,46,2,-34
10255 C,10158,41,5,-40
10256 C,10159,60,-5,-16
10257 C,10160,56,-4,-22
10258 C,10161,52,-4,-28
10259 C,10162,48,-4,-32
10260 C,10163,44,-1,-39
10261 C,10164,39,1,-45
10262 C,10165,63,-5,-7
10263 C,10166,57,-6,-10
10264 C,10167,51,-7,-14
10265 C,10168,46,-8,-15
10266 C,10169,41,-8,-18
10267 C,10170,36,-10,-18
10268 C,10171,61,-10,-15
10269 C,10172,57,-12,-21
10270 C,10173,54,-12,-26
10271 C,10174,50,-14,-30
10272 C,10175,47,-14,-36
10273 C,10176,43,-9,-41
10274 C,10177,63,-13,-13
10275 C,10178,60,-16,-18
10276 C,10179,57,-19,-22
10277 C,10180,54,-23,-26
10278 C,10181,52,-22,-30
10279 C,10182,51,-18,-34
10280 C,10183,63,-12,-8
10281 C,10184,59,-15,-11
10282 C,10185,56,-19,-13
10283 C,10186,53,-22,-15
10284 C,10187,49,-26,-16
10285 C,10188,46,-25,-18
10286 C,10189,64,-15,-7
10287 C,10190,62,-19,-9
10288 C,10191,60,-25,-12
10289 C,10192,58,-30,-13
10290 C,10193,56,-33,-14
10291 C,10194,54,-32,-13
10292 C,10195,66,-16,-3
10293 C,10196,64,-22,-3
10294 C,10197,62,-27,-3
10295 C,10198,60,-34,-2
10296 C,10199,59,-41,-1
10297 C,10200,58,-41,1
10298 C,10201,64,-15,10
10299 C,10202,61,-20,13
103 C,10203,70,0,71
10300 C,10204,59,-25,16
10301 C,10205,57,-31,20
10302 C,10206,54,-36,23
10303 C,10207,51,-42,25
10304 C,10208,65,-14,14
10305 C,10209,63,-19,20
10306 C,10210,61,-24,24
10307 C,10211,58,-28,27
10308 C,10212,56,-33,30
10309 C,10213,54,-39,35
10310 C,10214,65,-6,5
10311 C,10215,60,-9,8
10312 C,10216,57,-12,10
10313 C,10217,52,-13,12
10314 C,10218,48,-15,14
10315 C,10219,44,-16,14
10316 C,10220,67,-13,19
10317 C,10221,66,-18,27
10318 C,10222,64,-23,32
10319 C,10223,63,-27,38
10320 C,10224,63,-33,44
10321 C,10225,61,-38,49
10322 C,10226,69,-10,26
10323 C,10227,67,-13,35
10324 C,10228,67,-15,42
10325 C,10229,66,-18,49
10326 C,10230,65,-21,55
10327 C,10231,66,-25,62
10328 C,10232,64,-8,17
10329 C,10233,61,-11,22
10330 C,10234,57,-12,26
10331 C,10235,54,-13,28
10332 C,10236,51,-15,31
10333 C,10237,47,-16,33
10334 C,10238,63,-2,11
10335 C,10239,60,-3,15
10336 C,10240,56,-2,19
10337 C,10241,52,-2,21
10338 C,10242,49,-3,24
10339 C,10243,45,-3,27
10340 C,10244,62,1,13
10341 C,10245,60,1,18
10342 C,10246,56,1,23
10343 C,10247,52,2,25
10344 C,10248,49,2,29
10345 C,10249,45,2,31
10346 C,10250,63,3,15
10347 C,10251,59,4,20
10348 C,10252,56,6,23
10349 C,10253,53,6,28
10350 C,10254,50,7,30
10351 C,10255,47,7,33
10352 C,10256,66,2,9
10353 C,10257,62,4,17
10354 C,10258,59,6,23
10355 C,10259,56,8,27
10356 C,10260,53,8,31
10357 C,10261,49,10,33
10358 C,10262,61,5,14
10359 C,10263,58,5,19
10360 C,10264,54,8,22
10361 C,10265,50,8,25
10362 C,10266,45,9,27
10363 C,10267,41,10,29
10364 C,10268,64,4,11
10365 C,10269,59,8,18
10366 C,10270,55,11,23
10367 C,10271,51,13,26
10368 C,10272,47,16,29
10369 C,10273,43,18,31
10370 C,10274,64,2,5
10371 C,10275,58,3,10
10372 C,10276,54,5,12
10373 C,10277,48,7,14
10374 C,10278,43,8,14
10375 C,10279,39,8,16
10376 C,10280,58,3,5
10377 C,10281,53,4,6
10378 C,10282,48,6,9
10379 C,10283,44,7,9
10380 C,10284,40,6,11
10381 C,10285,34,7,11
10382 C,10286,60,2,-1
10383 C,10287,53,3,-1
10384 C,10288,47,4,-1
10385 C,10289,41,4,-1
10386 C,10290,35,3,0
10387 C,10291,29,4,0
10388 C,10292,60,-2,-3
10389 C,10293,53,-2,-4
10390 C,10294,47,-2,-4
10391 C,10295,41,-2,-4
10392 C,10296,35,-2,-4
10393 C,10297,30,-2,-4
10394 C,10298,52,0,1
10395 C,10299,46,0,2
10396 C,10300,39,1,2
10397 C,10301,33,1,2
10398 C,10302,27,1,2
10399 C,10303,22,0,1
104 C,10304,63,0,65
10401 C,10305,63,19,60
10402 C,10306,63,14,41
10403 C,10307,59,8,32
10404 C,10308,62,6,24
10405 C,10309,64,4,22
10406 C,10310,66,5,20
10407 C,10311,67,3,18
10408 C,10312,63,9,18
10409 C,10313,54,16,19
10410 C,10314,51,20,11
10411 C,10315,60,19,10
10413 C,10316,49,49,25
10414 C,10317,43,60,8
10415 C,10318,44,46,23
10416 C,10319,39,52,30
10417 C,10320,41,52,29
10418 C,10321,35,37,20
10419 C,10322,60,24,7
10420 C,10323,57,22,0
10421 C,10324,43,41,-7
10422 C,10325,35,40,-12
10423 C,10326,42,34,-19
10424 C,10327,29,39,-23
10425 C,10328,35,8,-40
10426 C,10329,30,5,-31
10427 C,10330,27,9,-41
10428 C,10331,29,22,-42
10429 C,10332,24,23,-36
10430 C,10333,23,17,-28
10431 C,10334,64,-9,-9
10432 C,10335,50,-9,-12
10433 C,10336,45,-19,-28
10434 C,10337,37,-15,-28
10435 C,10338,50,-1,-7
10436 C,10339,46,-2,-4
10437 C,10340,45,-18,7
10438 C,10341,57,-32,17
10439 C,10342,56,-31,5
10440 C,10343,51,-30,-14
10441 C,10344,39,-23,-15
10442 C,10345,37,-12,-7
10443 C,10346,61,16,13
10444 C,10347,54,12,6
10445 C,10348,55,10,6
10446 C,10349,59,6,4
10447 C,10350,54,5,2
10448 C,10351,60,2,0
10449 C,10352,75,-3,2
10450 C,10353,71,-1,0
10451 C,10354,49,-1,1
10452 C,10355,43,-1,-1
10453 C,10356,38,-2,-3
10454 C,10357,32,0,0
105 C,10358,52,-1,45
106 C,10359,91,-6,74
107 C,10360,90,-4,83
108 C,10361,89,0,86
109 C,10362,86,5,85
110 C,10363,73,8,74
111 C,10364,59,4,62
112 C,10365,56,2,56
113 C,10366,89,-3,69
114 C,10367,89,-2,75
115 C,10368,88,0,82
116 C,10369,85,7,84
117 C,10370,66,12,69
118 C,10371,58,8,62
119 C,10372,50,1,45
120 C,10373,89,1,61
1205 C,10374,90,0,43
121 C,10375,88,2,65
1215 C,10376,88,4,53
122 C,10377,86,6,72
1225 C,10378,84,11,69
123 C,10379,83,11,76
1235 C,10380,80,17,77
124 C,10381,74,16,76
1245 C,10382,64,13,64
125 C,10383,59,12,63
1255 C,10384,58,9,55
126 C,10385,52,8,53
1265 C,10386,47,6,41
127 C,10387,89,-3,57
128 C,10388,86,0,67
129 C,10389,84,2,71
130 C,10390,75,19,77
131 C,10391,63,19,67
132 C,10392,52,12,57
133 C,10393,38,3,36
134 C,10394,87,7,53
1345 C,10395,86,9,42
135 C,10396,84,12,61
1355 C,10397,84,14,51
136 C,10398,82,15,69
1365 C,10399,79,20,62
137 C,10400,75,27,78
1375 C,10401,74,31,73
138 C,10402,62,34,68
1385 C,10403,60,32,66
139 C,10404,52,22,58
1395 C,10405,46,19,47
140 C,10406,38,9,35
1405 C,10407,36,10,32
141 C,10408,83,6,57
142 C,10409,80,10,63
143 C,10410,78,14,68
144 C,10411,68,32,72
145 C,10412,61,26,66
146 C,10413,52,18,54
147 C,10414,41,4,31
148 C,10415,85,12,39
1485 C,10416,78,25,50
149 C,10417,83,17,43
1495 C,10418,71,37,71
150 C,10419,79,22,55
1505 C,10420,63,55,72
151 C,10421,68,44,74
152 C,10422,61,42,68
1525 C,10423,46,44,56
153 C,10424,54,30,56
1535 C,10425,39,31,45
154 C,10426,45,23,45
1545 C,10427,29,17,28
155 C,10428,85,6,28
1555 C,10429,81,22,30
156 C,10430,80,11,39
1565 C,10431,75,32,43
157 C,10432,73,22,50
1575 C,10433,68,46,62
158 C,10434,63,41,62
1585 C,10435,64,55,69
159 C,10436,54,40,57
1595 C,10437,56,45,59
160 C,10438,45,28,45
1605 C,10439,46,31,43
161 C,10440,30,13,24
1615 C,10441,39,27,35
162 C,10442,83,21,24
1625 C,10443,76,32,27
163 C,10444,74,33,40
1635 C,10445,71,41,36
164 C,10446,68,46,55
1645 C,10447,64,55,53
165 C,10448,64,56,65
1655 C,10449,59,65,70
166 C,10450,55,55,64
1665 C,10451,52,58,62
167 C,10452,49,42,50
1675 C,10453,43,41,43
168 C,10454,32,24,29
1685 C,10455,34,30,32
169 C,10456,80,27,16
170 C,10457,70,45,31
171 C,10458,62,61,53
172 C,10459,58,67,64
173 C,10460,50,53,51
174 C,10461,37,39,34
175 C,10462,29,24,18
176 C,10463,80,30,6
1765 C,10464,77,35,6
1767 C,10465,79,30,3
177 C,10466,69,49,17
1775 C,10467,72,45,9
1777 C,10468,63,60,17
178 C,10469,62,64,34
1785 C,10470,58,68,28
1787 C,10471,55,71,35
1788 C,10472,52,72,43
179 C,10473,52,63,45
1795 C,10474,47,65,40
1797 C,10475,47,59,33
180 C,10476,45,52,34
1805 C,10477,40,54,31
1807 C,10478,40,46,23
181 C,10479,32,34,20
1815 C,10480,29,38,19
1817 C,10481,28,23,8
182 C,10482,82,25,0
183 C,10483,75,39,4
184 C,10484,59,64,17
185 C,10485,49,74,46
186 C,10486,44,66,37
187 C,10487,37,55,27
188 C,10488,28,37,13
189 C,10489,76,34,1
1895 C,10490,81,26,-3
190 C,10491,66,52,5
1905 C,10492,74,37,-2
191 C,10493,56,68,16
1915 C,10494,58,65,8
192 C,10495,49,74,30
1925 C,10496,48,74,25
193 C,10497,42,64,25
1935 C,10498,42,67,26
194 C,10499,36,49,13
1945 C,10500,36,58,17
195 C,10501,31,34,6
1955 C,10502,31,49,11
196 C,10503,84,14,2
197 C,10504,72,30,2
198 C,10505,54,60,20
199 C,10506,46,71,38
200 C,10507,40,63,32
2001 C,10508,91,-2,39
2002 C,10509,90,-2,52
2003 C,10510,90,-3,61
2004 C,10511,89,1,51
2005 C,10512,88,5,47
2006 C,10513,79,8,59
2007 C,10514,72,14,67
2008 C,10515,81,9,47
2009 C,10516,78,14,50
201 C,10517,36,50,21
2010 C,10518,78,22,79
2011 C,10519,71,25,63
2012 C,10520,70,28,74
2013 C,10521,73,33,77
2014 C,10522,54,24,61
2015 C,10523,86,11,24
2016 C,10524,80,22,44
2017 C,10525,77,23,43
2018 C,10526,66,49,73
2019 C,10527,58,39,65
202 C,10528,32,41,16
2020 C,10529,49,40,58
2021 C,10530,42,33,44
2022 C,10531,77,27,27
2023 C,10532,72,37,36
2024 C,10533,67,45,43
2025 C,10534,70,41,59
2026 C,10535,61,55,50
2027 C,10536,57,59,44
2028 C,10537,53,67,65
2029 C,10538,67,43,21
203 C,10539,79,23,-4
2030 C,10540,62,38,20
2031 C,10541,58,43,23
2032 C,10542,54,47,26
2033 C,10543,49,51,30
2034 C,10544,53,64,41
2035 C,10545,46,70,51
2036 C,10546,83,24,-4
2037 C,10547,73,40,-11
2038 C,10548,61,60,-7
2039 C,10549,54,69,-2
204 C,10550,66,43,-3
2040 C,10551,48,72,16
2041 C,10552,37,53,6
2042 C,10553,28,33,3
2043 C,10554,83,15,-2
2044 C,10555,70,35,-5
2045 C,10556,62,45,-5
2046 C,10557,54,51,-4
2047 C,10558,44,44,-4
2048 C,10559,39,42,-4
2049 C,10560,33,40,1
205 C,10561,54,62,5
2050 C,10562,88,10,-5
2051 C,10563,81,11,-4
2052 C,10564,70,17,-6
2053 C,10565,59,23,-8
2054 C,10566,53,21,-7
2055 C,10567,46,24,-7
2056 C,10568,38,26,-7
2057 C,10569,68,27,-10
2058 C,10570,62,25,-13
2059 C,10571,59,28,-11
206 C,10572,44,69,32
2060 C,10573,58,43,-16
2061 C,10574,48,42,-13
2062 C,10575,47,51,-17
2063 C,10576,41,53,-16
2064 C,10577,74,29,-17
2065 C,10578,75,26,-19
2066 C,10579,68,34,-25
2067 C,10580,57,44,-32
2068 C,10581,50,50,-37
2069 C,10582,44,54,-39
207 C,10583,35,59,22
2070 C,10584,35,57,-41
2071 C,10585,76,13,-19
2072 C,10586,67,21,-27
2073 C,10587,66,19,-29
2074 C,10588,52,30,-39
2075 C,10589,50,28,-41
2076 C,10590,46,32,-43
2077 C,10591,36,35,-48
2078 C,10592,68,12,-12
2079 C,10593,56,17,-17
208 C,10594,31,45,6
2080 C,10595,54,22,-24
2081 C,10596,46,25,-27
2082 C,10597,40,28,-31
2083 C,10598,50,37,-47
2084 C,10599,38,48,-54
2085 C,10600,84,9,-11
2086 C,10601,62,18,-31
2087 C,10602,58,26,-42
2088 C,10603,47,33,-51
2089 C,10604,40,37,-56
209 C,10605,28,34,3
2090 C,10606,35,41,-60
2091 C,10607,24,48,-66
2092 C,10608,72,10,-21
2093 C,10609,66,11,-20
2094 C,10610,56,12,-23
2095 C,10611,47,21,-39
2096 C,10612,39,25,-44
2097 C,10613,38,36,-60
2098 C,10614,27,43,-67
2099 C,10615,69,11,-18
210 C,10616,76,37,-7
2100 C,10617,63,15,-28
2101 C,10618,54,24,-45
2102 C,10619,42,22,-46
2103 C,10620,37,25,-50
2104 C,10621,30,29,-53
2105 C,10622,21,31,-50
2106 C,10623,74,1,-13
2107 C,10624,63,2,-19
2108 C,10625,54,4,-23
2109 C,10626,47,5,-25
211 C,10627,68,50,-8
2110 C,10628,42,6,-26
2111 C,10629,34,6,-29
2112 C,10630,18,25,-40
2113 C,10631,72,5,-28
2114 C,10632,59,6,-32
2115 C,10633,52,9,-37
2116 C,10634,46,11,-41
2117 C,10635,34,17,-47
2118 C,10636,25,16,-40
2119 C,10637,21,12,-33
212 C,10638,59,66,-5
2120 C,10639,81,0,-17
2121 C,10640,69,-3,-27
2122 C,10641,71,3,-30
2123 C,10642,61,5,-41
2124 C,10643,54,13,-48
2125 C,10644,44,18,-57
2126 C,10645,30,29,-67
2127 C,10646,80,-2,-14
2128 C,10647,73,-2,-28
2129 C,10648,58,1,-46
213 C,10649,51,74,2
2130 C,10650,51,9,-52
2131 C,10651,40,14,-58
2132 C,10652,38,12,-63
2133 C,10653,37,4,-49
2134 C,10654,67,0,-24
2135 C,10655,58,1,-30
2136 C,10656,61,-1,-21
2137 C,10657,53,0,-25
2138 C,10658,49,-2,-18
2139 C,10659,43,-1,-29
214 C,10660,46,69,3
2140 C,10661,35,0,-30
2141 C,10662,74,-9,-27
2142 C,10663,69,-5,-33
2143 C,10664,54,-6,-43
2144 C,10665,42,-1,-51
2145 C,10666,34,8,-55
2146 C,10667,25,15,-55
2147 C,10668,18,17,-51
2148 C,10669,58,-11,-23
2149 C,10670,52,-10,-27
215 C,10671,38,59,2
2150 C,10672,46,-11,-29
2151 C,10673,43,-7,-37
2152 C,10674,40,-11,-31
2153 C,10675,34,-12,-29
2154 C,10676,29,-1,-40
2155 C,10677,73,-6,-14
2156 C,10678,67,-6,-18
2157 C,10679,60,-6,-20
2158 C,10680,52,-6,-24
2159 C,10681,48,-7,-25
216 C,10682,29,41,0
2160 C,10683,43,-6,-27
2161 C,10684,36,-7,-28
2162 C,10685,68,-1,-8
2163 C,10686,63,-5,-13
2164 C,10687,60,-5,-14
2165 C,10688,53,-6,-15
2166 C,10689,47,-6,-18
2167 C,10690,45,-6,-18
2168 C,10691,29,-10,-16
2169 C,10692,69,-10,-23
217 C,10693,81,19,-8
2170 C,10694,61,-11,-29
2171 C,10695,63,-12,-41
2172 C,10696,50,-3,-53
2173 C,10697,52,-8,-51
2174 C,10698,48,-2,-54
2175 C,10699,44,2,-56
2176 C,10700,73,-5,-8
2177 C,10701,64,-10,-11
2178 C,10702,57,-11,-12
2179 C,10703,49,-12,-14
218 C,10704,63,52,-14
2180 C,10705,43,-13,-15
2181 C,10706,36,-14,-14
2182 C,10707,29,-13,-16
2183 C,10708,56,-22,-32
2184 C,10709,52,-8,-51
2185 C,10710,46,-16,-34
2186 C,10711,30,0,-41
2187 C,10712,28,-4,-34
2188 C,10713,26,-7,-29
2189 C,10714,19,-9,-19
219 C,10715,49,72,-7
2190 C,10716,70,-19,-33
2191 C,10717,62,-20,-43
2192 C,10718,56,-12,-48
2193 C,10719,56,-12,-48
2194 C,10720,53,-9,-51
2195 C,10721,48,-3,-54
2196 C,10722,42,-5,-46
2197 C,10723,79,-26,-20
2198 C,10724,75,-31,-24
2199 C,10725,69,-32,-29
220 C,10726,36,60,4
2200 C,10727,63,-30,-26
2201 C,10728,65,-28,-32
2202 C,10729,63,-21,-40
2203 C,10730,52,-21,-30
2204 C,10731,80,-10,-9
2205 C,10732,70,-12,-14
2206 C,10733,63,-11,-15
2207 C,10734,61,-14,-18
2208 C,10735,54,-13,-20
2209 C,10736,53,-15,-20
221 C,10737,31,54,3
2210 C,10738,31,-11,-27
2211 C,10739,61,-14,-11
2212 C,10740,52,-16,-13
2213 C,10741,44,-19,-12
2214 C,10742,43,-19,-13
2215 C,10743,34,-12,-13
2216 C,10744,31,-10,-11
2217 C,10745,22,-17,-9
2218 C,10746,68,-18,-14
2219 C,10747,63,-21,-16
222 C,10748,25,37,-5
2220 C,10749,58,-22,-17
2221 C,10750,53,-24,-19
2222 C,10751,50,-24,-20
2223 C,10752,45,-23,-21
2224 C,10753,41,-21,-21
2225 C,10754,80,-27,-16
2226 C,10755,75,-35,-19
2227 C,10756,71,-28,-16
2228 C,10757,62,-31,-24
2229 C,10758,59,-29,-24
223 C,10759,73,39,-15
2230 C,10760,53,-27,-21
2231 C,10761,47,-24,-21
2232 C,10762,68,-21,-9
2233 C,10763,64,-24,-12
2234 C,10764,61,-25,-12
2235 C,10765,56,-29,-14
2236 C,10766,55,-27,-16
2237 C,10767,50,-29,-14
2238 C,10768,40,-23,-15
2239 C,10769,75,-50,0
224 C,10770,64,55,-18
2240 C,10771,70,-49,4
2241 C,10772,62,-27,0
2242 C,10773,60,-47,13
2243 C,10774,55,-41,4
2244 C,10775,48,-33,1
2245 C,10776,49,-42,17
2246 C,10777,82,-20,7
2247 C,10778,72,-31,12
2248 C,10779,69,-30,13
2249 C,10780,64,-33,13
225 C,10781,51,75,-15
2250 C,10782,64,-52,20
2251 C,10783,62,-51,21
2252 C,10784,60,-54,36
2253 C,10785,89,-20,11
2254 C,10786,84,-24,16
2255 C,10787,78,-34,22
2256 C,10788,71,-47,31
2257 C,10789,62,-55,36
2258 C,10790,48,-48,41
2259 C,10791,41,-42,33
226 C,10792,45,71,0
2260 C,10793,80,-14,13
2261 C,10794,72,-17,16
2262 C,10795,67,-17,14
2263 C,10796,59,-19,17
2264 C,10797,58,-24,23
2265 C,10798,49,-20,20
2266 C,10799,33,-21,23
2267 C,10800,83,-34,28
2268 C,10801,79,-45,36
2269 C,10802,75,-39,39
227 C,10803,37,62,-4
2270 C,10804,71,-60,48
2271 C,10805,66,-61,53
2272 C,10806,55,-54,51
2273 C,10807,42,-38,33
2274 C,10808,86,-11,19
2275 C,10809,85,-18,32
2276 C,10810,65,-22,42
2277 C,10811,56,-36,51
2278 C,10812,49,-29,43
2279 C,10813,49,-23,40
228 C,10814,31,52,-9
2280 C,10815,41,-21,36
2281 C,10816,90,-15,35
2282 C,10817,88,-22,36
2283 C,10818,84,-35,55
2284 C,10819,82,-23,39
2285 C,10820,80,-40,60
2286 C,10821,74,-45,71
2287 C,10822,71,-52,68
2288 C,10823,87,-21,48
2289 C,10824,84,-18,44
229 C,10825,25,34,-6
2290 C,10826,82,-34,75
2291 C,10827,80,-33,76
2292 C,10828,75,-35,71
2293 C,10829,73,-36,71
2294 C,10830,64,-33,64
2295 C,10831,91,-15,46
2296 C,10832,89,-20,60
2297 C,10833,84,-27,79
2298 C,10834,83,-28,59
2299 C,10835,79,-32,67
230 C,10836,77,35,-13
2300 C,10837,75,-23,59
2301 C,10838,67,-24,63
2302 C,10839,73,-13,41
2303 C,10840,70,-18,44
2304 C,10841,68,-15,46
2305 C,10842,66,-16,66
2306 C,10843,56,-15,50
2307 C,10844,45,-11,45
2308 C,10845,36,-2,32
2309 C,10846,84,6,16
231 C,10847,67,54,-20
2310 C,10848,79,6,15
2311 C,10849,71,10,22
2312 C,10850,66,7,17
2313 C,10851,65,14,30
2314 C,10852,54,17,35
2315 C,10853,40,28,44
2316 C,10854,66,9,21
2317 C,10855,60,14,29
2318 C,10856,53,15,31
2319 C,10857,44,16,33
232 C,10858,56,71,-20
2320 C,10859,35,15,28
2321 C,10860,37,10,19
2322 C,10861,25,9,15
2323 C,10862,72,-2,13
2324 C,10863,68,2,18
2325 C,10864,61,2,17
2326 C,10865,53,2,18
2327 C,10866,51,-1,19
2328 C,10867,45,3,19
2329 C,10868,38,3,19
233 C,10869,44,70,-12
2330 C,10870,82,0,2
2331 C,10871,69,2,1
2332 C,10872,57,0,2
2333 C,10873,47,1,2
2334 C,10874,43,2,2
2335 C,10875,35,5,7
2336 C,10876,32,1,2
2337 C,10877,83,19,12
2338 C,10878,73,21,12
2339 C,10879,71,34,16
234 C,10880,36,61,-11
2340 C,10881,58,38,13
2341 C,10882,54,29,11
2342 C,10883,50,37,12
2343 C,10884,47,35,6
2344 C,10885,66,43,29
2345 C,10886,65,55,31
2346 C,10887,62,64,27
2347 C,10888,48,73,63
2348 C,10889,56,56,35
2349 C,10890,47,57,58
235 C,10891,29,51,-10
2350 C,10892,39,55,42
2351 C,10893,60,32,-19
2352 C,10894,54,39,-21
2353 C,10895,51,53,-25
2354 C,10896,44,35,-22
2355 C,10897,31,56,-31
2356 C,10898,25,49,-25
2357 C,10899,22,38,-10
2358 C,10900,68,4,-5
2359 C,10901,50,7,-9
236 C,10902,77,34,-16
2360 C,10903,52,3,-12
2361 C,10904,48,4,-16
2362 C,10905,46,4,-14
2363 C,10906,41,5,-13
2364 C,10907,40,7,-9
2365 C,10908,81,23,-13
2366 C,10909,49,19,-52
2367 C,10910,37,24,-55
2368 C,10911,37,29,-63
2369 C,10912,33,29,-65
237 C,10913,69,46,-21
2370 C,10914,24,30,-59
2371 C,10915,18,44,-65
2372 C,10916,18,27,-51
2373 C,10917,54,-2,-18
2374 C,10918,40,-1,-21
2375 C,10919,65,50,-26
2376 C,10920,38,-1,-15
2377 C,10921,34,-8,-20
2378 C,10922,31,-1,-20
2379 C,10923,29,-1,-13
238 C,10924,60,60,-26
2380 C,10925,21,0,-16
2381 C,10926,60,-2,-44
2382 C,10927,54,-10,-50
2383 C,10928,47,-9,-39
2384 C,10929,39,-6,-42
2385 C,10930,52,68,-31
2386 C,10931,44,5,-55
2387 C,10932,42,8,-61
2388 C,10933,35,11,-60
2389 C,10934,62,-17,-29
239 C,10935,54,68,-27
2390 C,10936,48,-16,-34
2391 C,10937,49,-20,-30
2392 C,10938,40,-17,-24
2393 C,10939,56,-18,-40
2394 C,10940,54,-14,-44
2395 C,10941,45,73,-31
2396 C,10942,58,-28,-24
2397 C,10943,67,-38,-16
2398 C,10944,68,-41,-10
2399 C,10945,63,-41,-5
240 C,10946,47,66,-25
2400 C,10947,64,-45,2
2401 C,10948,62,-36,-3
2402 C,10949,58,-41,2
2403 C,10950,51,-36,-2
2404 C,10951,73,-12,12
2405 C,10952,40,67,-28
2406 C,10953,62,-14,8
2407 C,10954,56,-17,9
2408 C,10955,47,-25,15
2409 C,10956,40,-14,12
241 C,10957,40,63,-22
2410 C,10958,36,-14,13
2411 C,10959,25,-21,15
2412 C,10960,77,-51,19
2413 C,10961,67,-44,9
2414 C,10962,68,-53,19
2415 C,10963,36,62,-25
2416 C,10964,64,-51,19
2417 C,10965,57,-43,16
2418 C,10966,49,-46,29
2419 C,10967,46,-38,10
242 C,10968,31,44,-14
2420 C,10969,70,-60,38
2421 C,10970,65,-58,63
2422 C,10971,60,-57,49
2423 C,10972,61,-59,56
2424 C,10973,57,-52,57
2425 C,10974,29,53,-21
2426 C,10975,51,-51,48
2427 C,10976,35,-37,29
2428 C,10977,65,28,59
2429 C,10978,52,38,53
243 C,10979,80,23,-15
2430 C,10980,71,16,29
2431 C,10981,68,25,44
2432 C,10982,66,28,40
2433 C,10983,62,35,40
2434 C,10984,63,40,33
2435 C,10985,56,31,26
2436 C,10986,48,39,32
2437 C,10987,82,16,23
2438 C,10988,72,22,25
2439 C,10989,62,22,20
244 C,10990,73,36,-22
2440 C,10991,64,12,9
2441 C,10992,52,21,18
2442 C,10993,48,25,17
2443 C,10994,36,35,33
2444 C,10995,73,20,13
2445 C,10996,66,33,11
2446 C,10997,64,29,8
2447 C,10998,54,27,6
2448 C,10999,57,47,32
2449 C,11000,19,17,5
245 C,11001,66,45,-28
2450 C,11002,53,61,-4
2451 C,11003,46,50,-1
2452 C,11004,47,58,1
2453 C,11005,67,19,-19
2454 C,11006,49,-17,-28
2455 C,11007,74,-17,0
2456 C,11008,58,-36,0
2457 C,11009,67,-14,5
2458 C,11010,59,-21,6
2459 C,11011,65,-33,5
246 C,11012,48,70,-37
2460 C,11013,67,-24,-5
2461 C,11014,56,-32,-8
2462 C,11015,55,-20,-1
2463 C,11016,47,-11,-1
2464 C,11017,71,-35,32
2465 C,11018,41,-36,27
2466 C,11019,31,-16,-3
2467 C,11020,63,10,25
2468 C,11021,49,16,24
2469 C,11022,43,21,26
247 C,11023,44,68,-35
2470 C,11024,55,7,20
2471 C,11025,59,9,13
2472 C,11026,31,11,19
2473 C,11027,76,4,-1
2474 C,11028,67,4,6
2475 C,11029,59,9,7
2476 C,11030,48,8,4
2477 C,11031,40,10,5
2478 C,11032,25,10,0
2479 C,11033,23,4,5
248 C,11034,39,61,-32
249 C,11035,33,44,-20
250 C,11036,81,22,-15
251 C,11037,72,33,-25
252 C,11038,58,52,-38
253 C,11039,42,65,-43
254 C,11040,37,58,-38
255 C,11041,29,41,-25
256 C,11042,80,12,-13
2562 C,11043,75,24,-24
2563 C,11044,72,21,-21
2567 C,11045,71,20,-25
257 C,11046,71,20,-19
2572 C,11047,66,33,-32
2573 C,11048,63,30,-30
2577 C,11049,59,29,-35
258 C,11050,42,39,-33
2582 C,11051,50,51,-47
2583 C,11052,50,38,-35
2587 C,11053,41,40,-47
259 C,11054,28,43,-34
2592 C,11055,40,60,-52
2593 C,11056,37,47,-42
2597 C,11057,24,49,-53
260 C,11058,27,35,-25
2602 C,11059,34,56,-48
2603 C,11060,30,44,-38
2607 C,11061,20,44,-48
261 C,11062,26,30,-22
2612 C,11063,31,45,-36
2613 C,11064,27,41,-35
2617 C,11065,17,38,-41
262 C,11066,23,23,-16
2622 C,11067,29,29,-21
2623 C,11068,25,36,-29
2627 C,11069,15,30,-32
263 C,11070,82,10,-15
2635 C,11071,76,12,-21
264 C,11072,72,18,-27
2645 C,11073,66,18,-33
265 C,11074,51,34,-49
2655 C,11075,56,27,-44
266 C,11076,38,44,-60
2665 C,11077,45,35,-54
267 C,11078,29,44,-56
268 C,11079,28,33,-43
2685 C,11080,14,40,-54
269 C,11081,26,26,-32
2695 C,11082,14,18,-26
270 C,11083,74,6,-22
2705 C,11084,70,10,-31
2706 C,11085,85,0,-12
2707 C,11086,85,-4,-14
2708 C,11087,81,-3,-18
271 C,11088,64,10,-32
2715 C,11089,58,17,-43
2716 C,11090,71,4,-29
2717 C,11091,79,-4,-24
2718 C,11092,56,3,-48
272 C,11093,51,15,-42
2725 C,11094,44,26,-56
2726 C,11095,42,18,-60
2727 C,11096,53,2,-58
2728 C,11097,33,19,-67
273 C,11098,13,26,-43
2735 C,11099,16,45,-66
2736 C,11100,24,38,-74
2738 C,11101,14,42,-71
274 C,11102,12,20,-36
2745 C,11103,12,39,-56
2746 C,11104,19,33,-64
2747 C,11105,14,23,-54
2748 C,11106,14,24,-55
275 C,11107,12,16,-30
2755 C,11108,12,30,-47
2756 C,11109,16,20,-48
2757 C,11110,14,14,-44
2758 C,11111,14,14,-44
276 C,11112,12,8,-16
2765 C,11113,11,16,-30
2766 C,11114,12,11,-33
2767 C,11115,16,1,-25
2768 C,11116,12,7,-31
277 C,11117,80,-7,-19
278 C,11118,73,-7,-30
279 C,11119,58,-6,-48
280 C,11120,15,15,-46
281 C,11121,14,11,-40
282 C,11122,11,3,-27
283 C,11123,76,-9,-26
284 C,11124,68,-10,-35
285 C,11125,47,-1,-56
286 C,11126,25,24,-65
287 C,11127,22,16,-54
288 C,11128,20,10,-45
289 C,11129,13,0,-22
290 C,11130,85,-9,-14
2905 C,11131,77,-14,-23
291 C,11132,79,-11,-21
2915 C,11133,70,-16,-33
292 C,11134,70,-13,-35
2925 C,11135,60,-17,-44
293 C,11136,29,19,-62
2935 C,11137,37,8,-58
294 C,11138,20,6,-41
2945 C,11139,32,3,-47
295 C,11140,16,2,-32
2955 C,11141,22,-2,-32
296 C,11142,9,-4,-15
2965 C,11143,13,-5,-20
297 C,11144,75,-20,-26
2975 C,11145,82,-17,-17
298 C,11146,69,-22,-35
2985 C,11147,74,-24,-28
299 C,11148,62,-20,-42
2995 C,11149,64,-23,-39
300 C,11150,39,4,-55
3005 C,11151,48,-5,-51
301 C,11152,31,-2,-40
3015 C,11153,39,-8,-39
302 C,11154,23,-7,-25
3025 C,11155,31,-11,-27
303 C,11156,15,-10,-14
3035 C,11157,24,-13,-18
304 C,11158,83,-19,-14
305 C,11159,76,-27,-26
306 C,11160,68,-28,-34
307 C,11161,43,-9,-40
308 C,11162,34,-12,-28
309 C,11163,22,-14,-14
310 C,11164,78,-29,-19
3105 C,11165,78,-30,-17
311 C,11166,72,-35,-26
3115 C,11167,71,-37,-22
312 C,11168,63,-28,-30
3125 C,11169,64,-32,-25
313 C,11170,56,-22,-32
3135 C,11171,54,-26,-24
314 C,11172,49,-20,-29
3145 C,11173,46,-24,-19
315 C,11174,40,-20,-21
3155 C,11175,38,-22,-16
316 C,11176,27,-18,-12
3165 C,11177,30,-20,-12
317 C,11178,87,-17,-6
318 C,11179,82,-26,-11
319 C,11180,75,-39,-16
320 C,11181,58,-33,-17
321 C,11182,53,-31,-15
322 C,11183,44,-28,-11
323 C,11184,36,-24,-9
324 C,11185,83,-22,-5
3242 C,11186,81,-34,-8
3245 C,11187,83,-34,-3
3248 C,11188,76,-34,1
325 C,11189,76,-32,-9
3252 C,11190,76,-44,-9
3255 C,11191,77,-46,-5
3258 C,11192,72,-39,-2
326 C,11193,65,-41,-8
3262 C,11194,70,-44,-6
3265 C,11195,72,-47,-2
3268 C,11196,62,-44,3
327 C,11197,50,-36,-1
3272 C,11198,60,-39,-6
3275 C,11199,65,-45,1
3278 C,11200,57,-44,9
328 C,11201,43,-31,-2
3282 C,11202,50,-35,-2
3285 C,11203,55,-39,1
3288 C,11204,48,-38,7
329 C,11205,39,-29,-3
3292 C,11206,34,-27,-2
3295 C,11207,44,-34,2
3298 C,11208,40,-33,6
330 C,11209,31,-25,-2
3302 C,11210,28,-23,-3
3305 C,11211,29,-25,1
3308 C,11212,26,-24,2
331 C,11213,87,-24,-1
332 C,11214,84,-31,0
333 C,11215,79,-47,0
334 C,11216,56,-43,8
335 C,11217,45,-36,6
336 C,11218,38,-32,5
337 C,11219,80,-28,5
3375 C,11220,83,-38,7
338 C,11221,76,-35,4
3385 C,11222,78,-48,9
339 C,11223,65,-49,10
3395 C,11224,70,-54,18
340 C,11225,55,-46,19
3405 C,11226,63,-53,26
341 C,11227,45,-39,12
3415 C,11228,44,-39,17
342 C,11229,38,-34,10
3425 C,11230,36,-33,11
343 C,11231,33,-27,7
3435 C,11232,26,-22,6
344 C,11233,83,-26,13
345 C,11234,80,-29,13
346 C,11235,75,-37,16
347 C,11236,56,-51,34
348 C,11237,48,-45,29
349 C,11238,39,-37,20
350 C,11239,32,-21,14
3500 C,11240,40,-39,25
3501 C,11241,63,-49,61
3506 C,11242,40,0,-48
3507 C,11243,79,-27,76
3508 C,11244,47,-20,35
351 C,11245,86,-29,14
3514 C,11246,79,14,80
3515 C,11247,23,49,-45
3516 C,11248,50,63,58
3517 C,11249,41,65,47
3519 C,11250,74,23,5
352 C,11251,84,-35,16
3520 C,11252,59,31,-30
3522 C,11253,50,-48,36
3523 C,11254,29,31,12
3524 C,11255,19,12,-25
3526 C,11256,60,-8,-8
3527 C,11257,52,63,-18
3529 C,11258,60,-55,52
353 C,11259,82,-40,19
3533 C,11260,80,-38,-1
3534 C,11261,65,-43,-3
3535 C,11262,18,45,-59
3536 C,11263,43,-42,28
3537 C,11264,26,-30,19
3538 C,11265,58,-17,-43
3539 C,11266,57,-45,46
354 C,11267,64,-58,44
3541 C,11268,55,-31,-16
3542 C,11269,17,36,-55
3543 C,11270,63,18,-32
3544 C,11271,78,13,13
3545 C,11272,70,-31,-31
3546 C,11273,44,68,48
3547 C,11274,64,13,64
355 C,11275,55,-51,38
3551 C,11276,62,-29,-28
3553 C,11277,44,-6,-46
3555 C,11278,24,36,-43
3556 C,11279,54,67,48
3557 C,11280,47,-29,-11
3558 C,11281,65,5,-30
3559 C,11282,45,37,-37
356 C,11283,45,-43,29
3560 C,11284,60,-40,-5
3561 C,11285,72,-43,69
3564 C,11286,61,49,69
3566 C,11287,24,26,-38
3568 C,11288,85,16,-4
357 C,11289,33,-26,15
3570 C,11290,81,-29,78
3572 C,11291,75,37,13
3574 C,11292,34,19,-30
3575 C,11293,54,26,-38
3577 C,11294,73,-9,-24
358 C,11295,83,-26,31
3581 C,11296,22,10,-38
3582 C,11297,61,42,-11
3583 C,11298,24,38,-48
3584 C,11299,28,10,-40
3588 C,11300,72,36,69
359 C,11301,81,-30,35
3590 C,11302,38,8,-44
3591 C,11303,18,20,-54
3593 C,11304,53,28,-32
3595 C,11305,82,21,-5
3596 C,11306,78,8,28
3597 C,11307,24,8,-40
3599 C,11308,79,2,33
360 C,11309,71,-43,50
361 C,11310,64,-51,54
362 C,11311,59,-40,47
363 C,11312,53,-36,43
364 C,11313,45,-27,36
365 C,11314,86,-22,39
366 C,11315,84,-26,44
367 C,11316,80,-31,52
368 C,11317,70,-40,63
369 C,11318,62,-38,60
370 C,11319,54,-28,50
371 C,11320,39,-14,33
372 C,11321,90,-20,42
373 C,11322,89,-22,47
374 C,11323,87,-25,54
375 C,11324,79,-40,76
376 C,11325,71,-36,69
377 C,11326,59,-25,60
378 C,11327,40,-12,36
379 C,11328,89,-14,59
380 C,11329,88,-17,72
381 C,11330,85,-21,81
382 C,11331,82,-22,79
383 C,11332,68,-15,68
384 C,11333,59,-10,61
385 C,11334,47,-5,42
386 C,11335,91,-13,60
387 C,11336,90,-17,78
388 C,11337,89,-18,81
389 C,11338,86,-21,82
390 C,11339,74,-16,73
391 C,11340,61,-8,62
392 C,11341,51,-6,54
393 C,11342,92,-10,57
3935 C,11343,92,-10,66
394 C,11344,91,-13,78
3945 C,11345,90,-10,87
395 C,11346,90,-14,84
3955 C,11347,88,-8,85
396 C,11348,87,-15,84
3965 C,11349,87,-7,84
397 C,11350,74,-10,73
3975 C,11351,68,-3,69
398 C,11352,66,-7,67
3985 C,11353,57,-2,60
399 C,11354,60,-4,62
3995 C,11355,39,-1,34
400 C,11356,78,0,5
4001 C,11357,88,-2,32
4002 C,11358,81,1,37
4003 C,11359,81,-2,25
4004 C,11360,75,0,34
4005 C,11361,72,1,28
4006 C,11362,68,3,29
4007 C,11363,63,3,32
4008 C,11364,77,17,73
4009 C,11365,72,26,55
401 C,11366,70,0,5
4010 C,11367,60,46,65
4011 C,11368,62,39,41
4012 C,11369,62,44,50
4013 C,11370,56,35,52
4014 C,11371,53,30,32
4015 C,11372,80,-6,50
4016 C,11373,78,-3,65
4017 C,11374,77,5,63
4018 C,11375,74,2,56
4019 C,11376,70,1,49
402 C,11377,63,1,5
4020 C,11378,67,2,68
4021 C,11379,62,3,51
4022 C,11380,75,4,31
4023 C,11381,75,4,42
4024 C,11382,73,7,41
4025 C,11383,70,13,52
4026 C,11384,62,13,48
4027 C,11385,46,13,43
4028 C,11386,43,9,35
4029 C,11387,84,5,24
403 C,11388,56,1,6
4030 C,11389,84,11,19
4031 C,11390,84,9,12
4032 C,11391,85,14,11
4033 C,11392,81,20,17
4034 C,11393,66,17,25
4035 C,11394,66,15,25
4036 C,11395,67,14,7
4037 C,11396,58,21,12
4038 C,11397,55,24,16
4039 C,11398,52,27,17
404 C,11399,47,2,7
4040 C,11400,50,17,10
4041 C,11401,43,13,9
4042 C,11402,42,10,10
4043 C,11403,81,7,15
4044 C,11404,69,10,17
4045 C,11405,65,11,15
4046 C,11406,64,7,15
4047 C,11407,61,9,17
4048 C,11408,57,10,18
4049 C,11409,56,5,13
405 C,11410,42,1,6
4050 C,11411,74,14,18
4051 C,11412,66,32,23
4052 C,11413,65,30,22
4053 C,11414,61,31,24
4054 C,11415,46,34,29
4055 C,11416,46,33,24
4056 C,11417,40,22,15
4057 C,11418,59,48,30
4058 C,11419,55,60,29
4059 C,11420,45,58,27
406 C,11421,77,2,3
4060 C,11422,45,54,26
4061 C,11423,53,36,19
4062 C,11424,43,41,21
4063 C,11425,40,37,27
4064 C,11426,78,21,4
4065 C,11427,76,20,6
4066 C,11428,73,27,14
4067 C,11429,73,27,12
4068 C,11430,69,33,12
4069 C,11431,51,49,16
407 C,11432,69,3,4
4070 C,11433,44,50,16
4071 C,11434,65,29,0
4072 C,11435,64,42,1
4073 C,11436,50,54,4
4074 C,11437,29,44,-3
4075 C,11438,34,35,0
4076 C,11439,37,29,-1
4077 C,11440,38,27,3
4078 C,11441,82,15,-5
4079 C,11442,73,17,-9
408 C,11443,59,3,4
4080 C,11444,75,15,-10
4081 C,11445,63,15,-9
4082 C,11446,51,31,-12
4083 C,11447,45,26,-24
4084 C,11448,33,26,-12
4085 C,11449,76,4,7
4086 C,11450,70,8,2
4087 C,11451,67,8,7
4088 C,11452,60,10,9
4089 C,11453,60,8,5
409 C,11454,52,4,4
4090 C,11455,51,10,10
4091 C,11456,43,11,5
4092 C,11457,72,14,-2
4093 C,11458,63,12,2
4094 C,11459,49,18,-1
4095 C,11460,44,21,-1
4096 C,11461,37,20,6
4097 C,11462,37,17,4
4098 C,11463,33,13,10
4099 C,11464,59,15,6
410 C,11465,45,5,4
4100 C,11466,39,20,8
4101 C,11467,24,29,12
4102 C,11468,20,27,9
4103 C,11469,21,22,3
4104 C,11470,28,11,3
4105 C,11471,31,16,14
4106 C,11472,72,11,-1
4107 C,11473,63,12,-6
4108 C,11474,59,14,-5
4109 C,11475,55,17,-4
411 C,11476,36,4,5
4110 C,11477,50,14,-6
4111 C,11478,42,18,-5
4112 C,11479,49,13,1
4113 C,11480,61,8,1
4114 C,11481,60,6,-1
4115 C,11482,55,8,1
4116 C,11483,57,8,3
4117 C,11484,44,8,-8
4118 C,11485,26,8,-11
4119 C,11486,25,4,-6
412 C,11487,21,3,2
4120 C,11488,72,10,-18
4121 C,11489,61,11,-20
4122 C,11490,49,17,-36
4123 C,11491,69,2,-11
4124 C,11492,61,4,-17
4125 C,11493,40,5,-15
4126 C,11494,30,13,-19
4127 C,11495,54,2,-12
4128 C,11496,48,1,-11
4129 C,11497,47,-1,-10
413 C,11498,76,-3,4
4130 C,11499,38,0,-12
4131 C,11500,32,1,-11
4132 C,11501,25,3,-10
4133 C,11502,25,2,-8
4134 C,11503,67,1,-7
4135 C,11504,55,-1,-14
4136 C,11505,46,-2,-12
4137 C,11506,39,-4,-17
4138 C,11507,40,-5,-13
4139 C,11508,38,-2,-12
414 C,11509,69,-3,5
4140 C,11510,25,0,-8
4141 C,11511,42,4,-38
4142 C,11512,34,4,-31
4143 C,11513,35,-2,-18
4144 C,11514,26,6,-20
4145 C,11515,22,4,-18
4146 C,11516,12,4,-17
4147 C,11517,15,9,-20
4148 C,11518,59,-13,-20
4149 C,11519,68,-7,-18
415 C,11520,61,-3,6
4150 C,11521,51,-2,-37
4151 C,11522,42,-5,-46
4152 C,11523,34,0,-43
4153 C,11524,32,0,-39
4154 C,11525,27,-1,-35
4155 C,11526,80,-5,-4
4156 C,11527,75,-12,-11
4157 C,11528,67,-20,-18
4158 C,11529,49,-18,-20
4159 C,11530,34,-10,-32
416 C,11531,53,-3,6
4160 C,11532,28,-13,-20
4161 C,11533,30,-8,-12
4162 C,11534,81,-17,2
4163 C,11535,77,-23,2
4164 C,11536,48,-32,-2
4165 C,11537,40,-26,-2
4166 C,11538,46,-20,-4
4167 C,11539,39,-20,-2
4168 C,11540,27,-14,-4
4169 C,11541,79,-8,1
417 C,11542,43,-3,5
4170 C,11543,75,-10,-2
4171 C,11544,73,-11,-3
4172 C,11545,69,-18,-2
4173 C,11546,75,-23,-5
4174 C,11547,74,-21,-7
4175 C,11548,73,-13,-9
4176 C,11549,82,-5,5
4177 C,11550,76,-4,7
4178 C,11551,70,-6,10
4179 C,11552,66,-11,17
418 C,11553,35,-2,5
4180 C,11554,62,-8,12
4181 C,11555,54,-11,9
4182 C,11556,49,-9,8
4183 C,11557,77,-5,4
4184 C,11558,68,-8,4
4185 C,11559,65,-12,1
4186 C,11560,56,-15,-2
4187 C,11561,50,-9,-2
4188 C,11562,37,-11,-3
4189 C,11563,29,-15,-10
419 C,11564,13,-2,0
4190 C,11565,72,-7,6
4191 C,11566,66,-8,2
4192 C,11567,60,-9,5
4193 C,11568,43,-5,6
4194 C,11569,41,-6,-1
4195 C,11570,43,-1,-1
4196 C,11571,35,-6,-5
4197 C,11572,63,-9,4
4198 C,11573,51,-10,4
4199 C,11574,43,-9,4
420 C,11575,81,-2,1
4200 C,11576,44,-9,3
4201 C,11577,42,-12,3
4202 C,11578,31,-10,1
4203 C,11579,28,-13,1
4204 C,11580,82,-12,18
4205 C,11581,75,-17,26
4206 C,11582,68,-18,19
4207 C,11583,63,-20,17
4208 C,11584,43,-24,10
4209 C,11585,35,-15,3
421 C,11586,73,-2,1
4210 C,11587,31,-15,3
4211 C,11588,85,-12,32
4212 C,11589,66,-26,49
4213 C,11590,55,-25,42
4214 C,11591,48,-17,16
4215 C,11592,44,-19,23
4216 C,11593,34,-18,26
4217 C,11594,37,-16,30
4218 C,11595,73,-6,11
4219 C,11596,69,-5,9
422 C,11597,66,-2,-2
4220 C,11598,57,-4,9
4221 C,11599,52,-5,15
4222 C,11600,49,-4,10
4223 C,11601,43,-6,11
4224 C,11602,30,-8,9
4225 C,11603,55,1,11
4226 C,11604,54,-3,15
4227 C,11605,44,-3,13
4228 C,11606,36,-2,14
4229 C,11607,39,-3,10
423 C,11608,58,-2,-2
4230 C,11609,36,1,5
4231 C,11610,40,0,9
4232 C,11611,81,-12,79
4233 C,11612,75,-12,74
4234 C,11613,76,-13,49
4235 C,11614,71,-7,26
4236 C,11615,76,-8,41
4237 C,11616,67,-5,35
4238 C,11617,57,-6,30
4239 C,11618,79,-1,9
424 C,11619,48,-1,0
4240 C,11620,77,1,14
4241 C,11621,71,1,20
4242 C,11622,51,2,24
4243 C,11623,47,7,19
4244 C,11624,46,5,17
4245 C,11625,35,2,11
4246 C,11626,79,-1,14
4247 C,11627,79,3,14
4248 C,11628,80,3,16
4249 C,11629,72,4,20
425 C,11630,37,-3,-1
4250 C,11631,70,3,19
4251 C,11632,68,3,24
4252 C,11633,68,4,18
4253 C,11634,69,5,15
4254 C,11635,66,10,26
4255 C,11636,64,4,20
4256 C,11637,62,6,20
4257 C,11638,54,7,11
4258 C,11639,41,6,5
4259 C,11640,17,2,5
426 C,11641,16,-1,-2
4260 C,11642,72,11,17
4261 C,11643,51,16,30
4262 C,11644,53,19,28
4263 C,11645,53,22,30
4264 C,11646,54,21,26
4265 C,11647,48,20,24
4266 C,11648,47,22,31
4267 C,11649,73,4,9
4268 C,11650,67,5,12
4269 C,11651,62,6,17
427 C,11652,84,-1,-2
4270 C,11653,57,3,14
4271 C,11654,53,6,11
4272 C,11655,47,7,9
4273 C,11656,31,3,2
4274 C,11657,74,-2,-3
4275 C,11658,71,-2,1
4276 C,11659,65,0,-2
4277 C,11660,58,2,-3
4278 C,11661,53,1,-3
4279 C,11662,36,4,-2
428 C,11663,80,-2,-3
4280 C,11664,17,0,-9
4281 C,11665,72,0,0
4282 C,11666,70,1,0
4283 C,11667,67,2,0
4284 C,11668,46,4,-5
4285 C,11669,42,4,-4
4286 C,11670,37,5,-4
4287 C,11671,28,2,0
4288 C,11672,76,-4,3
4289 C,11673,63,0,0
429 C,11674,69,-3,-3
4290 C,11675,58,2,0
4291 C,11676,47,2,1
4292 C,11677,47,2,-1
4293 C,11678,40,4,-4
4294 C,11679,35,2,-2
430 C,11680,56,-3,-6
431 C,11681,43,-4,-7
432 C,11682,26,-4,-8
433 C,11683,14,-2,-8
434 C,11684,80,4,0
435 C,11685,74,5,0
436 C,11686,65,7,0
437 C,11687,45,10,0
438 C,11688,31,9,2
439 C,11689,24,7,2
440 C,11690,20,5,2
441 C,11691,79,-4,0
442 C,11692,70,-4,-1
443 C,11693,64,-4,-2
444 C,11694,51,-5,-3
445 C,11695,36,-3,-3
446 C,11696,28,-3,0
447 C,11697,24,-2,1
448 C,11698,28,1,15
4485 C,11699,34,4,26
449 C,11700,30,2,19
4495 C,11701,51,1,40
450 C,11702,33,2,25
4505 C,11703,56,1,37
451 C,11704,61,-3,28
4515 C,11705,68,-1,32
452 C,11706,69,-3,23
4525 C,11707,75,0,28
453 C,11708,75,-4,18
4535 C,11709,79,-2,25
454 C,11710,80,-3,15
4545 C,11711,82,-2,23
455 C,11712,39,0,32
456 C,11713,59,-1,52
457 C,11714,66,1,63
458 C,11715,80,-3,56
459 C,11716,82,-4,53
460 C,11717,86,-5,45
461 C,11718,88,-5,36
462 C,11719,32,8,19
4625 C,11720,22,16,17
463 C,11721,37,12,29
4635 C,11722,46,19,32
464 C,11723,43,17,35
4645 C,11724,56,16,25
465 C,11725,65,7,36
4655 C,11726,65,13,22
466 C,11727,71,5,30
4665 C,11728,71,11,21
467 C,11729,77,3,27
4675 C,11730,79,8,15
468 C,11731,82,1,22
4685 C,11732,82,6,16
469 C,11733,31,16,25
4695 C,11734,26,17,14
470 C,11735,47,28,40
4705 C,11736,38,19,19
471 C,11737,51,31,47
4715 C,11738,49,16,18
472 C,11739,71,23,36
4725 C,11740,61,12,15
473 C,11741,81,14,25
4735 C,11742,69,9,12
474 C,11743,83,12,21
4745 C,11744,75,6,10
475 C,11745,86,9,19
4755 C,11746,80,5,9
476 C,11747,25,10,12
477 C,11748,29,15,17
478 C,11749,33,19,23
479 C,11750,57,14,21
480 C,11751,71,7,15
481 C,11752,78,6,12
482 C,11753,82,5,11
483 C,11754,27,23,18
484 C,11755,37,43,33
485 C,11756,48,66,53
486 C,11757,69,31,26
487 C,11758,75,24,19
488 C,11759,80,16,15
489 C,11760,82,12,14
490 C,11761,24,23,10
491 C,11762,32,34,15
492 C,11763,35,40,19
493 C,11764,66,36,4
494 C,11765,74,28,3
495 C,11766,82,20,1
496 C,11767,84,16,2
497 C,11768,24,15,8
4975 C,11769,17,15,5
498 C,11770,30,21,12
4985 C,11771,40,26,8
499 C,11772,34,26,15
4995 C,11773,48,24,5
500 C,11774,63,26,4
5005 C,11775,58,20,5
501 C,11776,73,21,3
5015 C,11777,71,16,3
502 C,11778,80,17,2
5025 C,11779,78,14,3
503 C,11780,83,13,4
5035 C,11781,81,10,3
504 C,11782,24,22,4
505 C,11783,29,31,3
506 C,11784,34,36,1
507 C,11785,68,28,-3
508 C,11786,75,24,-1
509 C,11787,78,21,-1
510 C,11788,81,18,-1
511 C,11789,27,28,-11
5115 C,11790,23,20,-9
512 C,11791,35,42,-24
5125 C,11792,32,23,-12
513 C,11793,39,49,-31
5135 C,11794,41,21,-11
514 C,11795,67,35,-20
5145 C,11796,54,18,-10
515 C,11797,77,25,-14
5155 C,11798,70,12,-6
516 C,11799,81,19,-11
5165 C,11800,80,8,-5
517 C,11801,84,16,-8
5175 C,11802,82,7,-3
518 C,11803,24,16,-11
5185 C,11804,24,13,-6
519 C,11805,27,24,-20
5195 C,11806,33,18,-8
520 C,11807,29,31,-26
5205 C,11808,46,17,-8
521 C,11809,58,22,-22
5215 C,11810,64,11,-6
522 C,11811,68,17,-18
5225 C,11812,74,9,-4
523 C,11813,75,12,-13
5235 C,11814,79,7,-2
524 C,11815,81,10,-9
5245 C,11816,83,6,-2
525 C,11817,26,26,-23
5255 C,11818,11,7,-17
526 C,11819,32,40,-39
5265 C,11820,26,10,-22
527 C,11821,37,48,-49
5275 C,11822,37,8,-20
528 C,11823,61,32,-35
5285 C,11824,58,6,-15
529 C,11825,72,22,-25
5295 C,11826,73,3,-10
530 C,11827,79,16,-18
5305 C,11828,80,2,-7
531 C,11829,83,13,-12
5315 C,11830,86,1,-4
532 C,11831,12,0,-8
533 C,11832,17,2,-18
534 C,11833,22,0,-27
535 C,11834,65,-2,-17
536 C,11835,72,-2,-14
537 C,11836,80,-3,-9
538 C,11837,83,-3,-7
539 C,11838,14,-7,-18
5395 C,11839,10,-5,-12
540 C,11840,19,-3,-28
5405 C,11841,47,-9,-17
541 C,11842,24,-1,-36
5415 C,11843,51,-9,-17
542 C,11844,69,-11,-25
5425 C,11845,61,-8,-14
543 C,11846,79,-9,-18
5435 C,11847,75,-5,-10
544 C,11848,84,-6,-12
5445 C,11849,80,-6,-8
545 C,11850,86,-6,-9
5455 C,11851,82,-4,-7
546 C,11852,15,-11,-9
5463 C,11853,14,-11,-7
5467 C,11854,19,-12,-1
547 C,11855,18,-13,-12
5473 C,11856,36,-22,-11
5477 C,11857,37,-13,-1
548 C,11858,23,-14,-16
5483 C,11859,52,-18,-11
5487 C,11860,49,-11,-2
549 C,11861,64,-16,-17
5493 C,11862,66,-14,-7
5497 C,11863,61,-9,-2
550 C,11864,72,-12,-14
5503 C,11865,72,-11,-7
5507 C,11866,70,-8,-1
551 C,11867,78,-11,-10
5513 C,11868,78,-10,-5
5517 C,11869,77,-6,0
552 C,11870,83,-8,-8
5523 C,11871,82,-9,-3
5527 C,11872,80,-6,0
553 C,11873,27,-16,8
5535 C,11874,18,-12,2
554 C,11875,35,-27,9
5545 C,11876,41,-17,2
555 C,11877,43,-31,11
5555 C,11878,50,-15,3
556 C,11879,62,-23,8
5565 C,11880,62,-14,2
557 C,11881,68,-18,5
5575 C,11882,68,-11,2
558 C,11883,74,-16,5
5585 C,11884,75,-10,3
559 C,11885,78,-13,5
5595 C,11886,81,-7,4
560 C,11887,23,-14,1
5605 C,11888,21,-11,4
561 C,11889,33,-27,-1
5615 C,11890,47,-12,7
562 C,11891,42,-31,-1
5625 C,11892,53,-11,7
563 C,11893,71,-28,-2
5635 C,11894,66,-9,5
564 C,11895,76,-25,-1
5645 C,11896,71,-8,5
565 C,11897,81,-19,-1
5655 C,11898,76,-7,5
566 C,11899,85,-14,0
5665 C,11900,78,-6,5
567 C,11901,24,-18,2
568 C,11902,40,-31,0
569 C,11903,48,-36,1
570 C,11904,75,-33,-1
571 C,11905,83,-24,-1
572 C,11906,85,-22,-1
573 C,11907,87,-18,0
574 C,11908,37,-12,23
5743 C,11909,29,-9,18
5747 C,11910,28,-8,22
575 C,11911,51,-20,35
5753 C,11912,42,-11,24
5757 C,11913,47,-9,36
576 C,11914,61,-24,38
5763 C,11915,50,-9,24
5767 C,11916,58,-10,35
577 C,11917,76,-19,30
5773 C,11918,58,-9,21
5777 C,11919,66,-9,30
578 C,11920,80,-15,24
5783 C,11921,68,-8,18
5787 C,11922,75,-8,24
579 C,11923,81,-14,23
5793 C,11924,74,-7,17
5797 C,11925,80,-7,21
5803 C,11926,79,-6,15
5807 C,11927,83,-6,18
581 C,11928,39,-4,34
5815 C,11929,34,-4,27
582 C,11930,57,-9,56
5825 C,11931,53,-5,37
583 C,11932,75,-16,72
5835 C,11933,63,-4,35
584 C,11934,84,-14,60
5845 C,11935,69,-5,31
585 C,11936,87,-12,52
5855 C,11937,75,-5,27
586 C,11938,88,-12,50
5865 C,11939,80,-5,25
587 C,11940,89,-10,42
5875 C,11941,82,-5,24
600 C,11942,92,-7,38
6001 C,11943,85,-1,40
6002 C,11944,83,3,46
6003 C,11945,77,6,57
6004 C,11946,74,10,64
6005 C,11947,72,12,69
6006 C,11948,67,13,65
6007 C,11949,57,20,51
6008 C,11950,67,8,22
6009 C,11951,61,9,26
601 C,11952,91,-8,43
6010 C,11953,56,10,28
6011 C,11954,53,11,31
6012 C,11955,44,12,32
6013 C,11956,38,14,30
6014 C,11957,36,6,24
6015 C,11958,78,18,30
6016 C,11959,73,30,44
6017 C,11960,71,36,54
6018 C,11961,67,41,60
6019 C,11962,61,48,67
602 C,11963,91,-9,53
6020 C,11964,56,52,65
6021 C,11965,55,48,58
6022 C,11966,82,17,12
6023 C,11967,78,19,17
6024 C,11968,70,28,22
6025 C,11969,64,33,27
6026 C,11970,60,36,31
6027 C,11971,53,37,38
6028 C,11972,50,36,34
6029 C,11973,75,12,4
603 C,11974,88,-8,69
6030 C,11975,69,14,8
6031 C,11976,63,15,10
6032 C,11977,59,17,12
6033 C,11978,55,18,15
6034 C,11979,51,20,18
6035 C,11980,46,21,19
6036 C,11981,64,19,1
6037 C,11982,56,22,4
6038 C,11983,50,25,5
6039 C,11984,44,27,7
604 C,11985,86,-7,79
6040 C,11986,38,28,11
6041 C,11987,34,28,12
6042 C,11988,26,24,10
6043 C,11989,71,39,8
6044 C,11990,68,42,12
6045 C,11991,65,45,14
6046 C,11992,61,48,20
6047 C,11993,52,52,32
6048 C,11994,52,52,28
6049 C,11995,47,48,38
605 C,11996,82,-4,81
6050 C,11997,78,35,-8
6051 C,11998,70,49,-1
6052 C,11999,63,50,2
6053 C,12000,62,61,8
6054 C,12001,56,56,4
6055 C,12002,51,58,12
6056 C,12003,48,58,16
6057 C,12004,57,52,-15
6058 C,12005,52,55,-13
6059 C,12006,49,56,-11
606 C,12007,74,-2,74
6060 C,12008,47,56,-9
6061 C,12009,44,56,-8
6062 C,12010,43,56,-5
6063 C,12011,39,51,-1
6064 C,12012,75,15,-9
6065 C,12013,69,20,-6
6066 C,12014,65,22,-6
6067 C,12015,60,23,-7
6068 C,12016,56,24,-6
6069 C,12017,49,25,-5
607 C,12018,90,-6,36
6070 C,12019,49,25,-5
6071 C,12020,54,16,-15
6072 C,12021,40,19,-15
6073 C,12022,34,19,-15
6074 C,12023,32,19,-13
6075 C,12024,28,18,-12
6076 C,12025,22,17,-10
6077 C,12026,19,10,-5
6078 C,12027,67,24,-25
6079 C,12028,60,30,-28
608 C,12029,88,-6,44
6080 C,12030,53,32,-30
6081 C,12031,50,35,-32
6082 C,12032,44,36,-31
6083 C,12033,38,38,-32
6084 C,12034,34,36,-30
6085 C,12035,83,2,-16
6086 C,12036,74,2,-20
6087 C,12037,69,3,-22
6088 C,12038,63,4,-26
6089 C,12039,58,5,-32
609 C,12040,88,-7,50
6090 C,12041,50,7,-32
6091 C,12042,42,7,-35
6092 C,12043,61,8,-30
6093 C,12044,58,8,-32
6094 C,12045,53,10,-34
6095 C,12046,50,11,-37
6096 C,12047,43,13,-39
6097 C,12048,37,14,-42
6098 C,12049,32,15,-42
6099 C,12050,68,1,-32
610 C,12051,85,-6,62
6100 C,12052,60,2,-33
6101 C,12053,54,4,-39
6102 C,12054,50,4,-38
6103 C,12055,36,8,-41
6104 C,12056,27,13,-48
6105 C,12057,26,13,-45
6106 C,12058,77,-1,-13
6107 C,12059,73,-1,-16
6108 C,12060,66,-3,-18
6109 C,12061,58,-3,-21
611 C,12062,80,-7,73
6110 C,12063,56,-3,-21
6111 C,12064,50,-3,-22
6112 C,12065,38,-5,-24
6113 C,12066,55,-8,-13
6114 C,12067,52,-7,-13
6115 C,12068,47,-8,-12
6116 C,12069,42,-8,-13
6117 C,12070,39,-8,-12
6118 C,12071,28,-7,-7
6119 C,12072,25,-6,-6
612 C,12073,72,-4,72
6120 C,12074,63,-19,-35
6121 C,12075,60,-21,-37
6122 C,12076,54,-16,-40
6123 C,12077,52,-15,-41
6124 C,12078,49,-13,-41
6125 C,12079,46,-13,-38
6126 C,12080,38,-5,-42
6127 C,12081,68,-21,-22
6128 C,12082,62,-26,-23
6129 C,12083,56,-27,-25
613 C,12084,65,-1,66
6130 C,12085,51,-25,-23
6131 C,12086,44,-21,-22
6132 C,12087,47,-21,-26
6133 C,12088,39,-18,-24
6134 C,12089,77,-23,-13
6135 C,12090,71,-22,-12
6136 C,12091,63,-28,-12
6137 C,12092,59,-30,-11
6138 C,12093,54,-33,-12
6139 C,12094,50,-31,-11
614 C,12095,85,-5,30
6140 C,12096,47,-30,-10
6141 C,12097,78,-26,-4
6142 C,12098,72,-33,0
6143 C,12099,64,-43,3
6144 C,12100,60,-45,7
6145 C,12101,55,-43,10
6146 C,12102,51,-42,13
6147 C,12103,47,-40,15
6148 C,12104,89,-4,-8
6149 C,12105,84,-8,-7
615 C,12106,83,-5,33
6150 C,12107,78,-14,-5
6151 C,12108,71,-20,-6
6152 C,12109,62,-25,0
6153 C,12110,53,-27,3
6154 C,12111,45,-32,8
6155 C,12112,64,-22,2
6156 C,12113,58,-25,5
6157 C,12114,53,-28,7
6158 C,12115,48,-31,9
6159 C,12116,42,-33,7
616 C,12117,80,-5,34
6160 C,12118,35,-30,10
6161 C,12119,28,-23,6
6162 C,12120,63,-42,15
6163 C,12121,59,-48,18
6164 C,12122,58,-48,19
6165 C,12123,54,-47,23
6166 C,12124,51,-46,26
6167 C,12125,43,-41,24
6168 C,12126,44,-40,21
6169 C,12127,70,-34,23
617 C,12128,74,-5,44
6170 C,12129,66,-34,23
6171 C,12130,62,-36,27
6172 C,12131,56,-33,24
6173 C,12132,50,-40,29
6174 C,12133,47,-38,27
6175 C,12134,43,-31,22
6176 C,12135,75,-18,9
6177 C,12136,68,-20,11
6178 C,12137,63,-25,15
6179 C,12138,57,-28,17
618 C,12139,65,-4,50
6180 C,12140,52,-30,18
6181 C,12141,49,-31,20
6182 C,12142,44,-31,21
6183 C,12143,55,-9,9
6184 C,12144,52,-11,10
6185 C,12145,47,-11,12
6186 C,12146,41,-11,12
6187 C,12147,38,-10,12
6188 C,12148,33,-10,12
6189 C,12149,24,-9,5
619 C,12150,60,-3,52
6190 C,12151,92,-9,22
6191 C,12152,91,-10,31
6192 C,12153,87,-17,48
6193 C,12154,83,-20,67
6194 C,12155,78,-23,75
6195 C,12156,69,-24,68
6196 C,12157,68,-24,67
6197 C,12158,87,-2,2
6198 C,12159,81,-3,4
6199 C,12160,76,-4,8
620 C,12161,52,-2,50
6200 C,12162,74,-4,10
6201 C,12163,66,-5,13
6202 C,12164,62,-6,15
6203 C,12165,59,-5,17
6204 C,12166,67,-1,9
6205 C,12167,60,-1,13
6206 C,12168,57,-1,14
6207 C,12169,54,-1,14
6208 C,12170,47,0,16
6209 C,12171,42,-1,16
621 C,12172,88,-8,2
6210 C,12173,38,-2,17
6211 C,12174,61,-3,-5
6212 C,12175,55,-3,-5
6213 C,12176,50,-2,-4
6214 C,12177,47,-2,-3
6215 C,12178,43,-3,-3
6216 C,12179,35,-1,-1
6217 C,12180,31,-2,1
6218 C,12181,65,-2,-9
6219 C,12182,59,-4,-9
622 C,12183,80,-9,1
6220 C,12184,54,-3,-8
6221 C,12185,50,-4,-8
6222 C,12186,46,-4,-8
6223 C,12187,39,-4,-9
6224 C,12188,35,-5,-8
623 C,12189,73,-13,2
624 C,12190,62,-17,3
625 C,12191,50,-20,2
626 C,12192,35,-22,3
627 C,12193,18,-13,-1
628 C,12194,86,-12,-8
629 C,12195,81,-17,-12
630 C,12196,75,-22,-16
631 C,12197,67,-28,-22
632 C,12198,56,-26,-26
633 C,12199,45,-19,-27
634 C,12200,37,-14,-28
635 C,12201,84,-16,-13
636 C,12202,81,-21,-17
637 C,12203,73,-28,-25
638 C,12204,66,-28,-32
639 C,12205,57,-21,-36
640 C,12206,51,-15,-39
641 C,12207,41,-9,-39
642 C,12208,87,-3,-7
643 C,12209,85,-4,-9
644 C,12210,73,-5,-17
645 C,12211,65,-7,-23
646 C,12212,55,-7,-28
647 C,12213,39,-7,-34
648 C,12214,19,2,-34
649 C,12215,89,-2,-5
650 C,12216,86,-3,-8
651 C,12217,75,-3,-16
652 C,12218,63,-5,-22
653 C,12219,40,-4,-34
654 C,12220,24,0,-36
655 C,12221,15,3,-33
656 C,12222,91,-2,-4
657 C,12223,85,-3,-12
658 C,12224,80,-4,-18
659 C,12225,66,-4,-33
660 C,12226,52,-3,-46
661 C,12227,25,18,-58
662 C,12228,14,23,-53
663 C,12229,90,2,-3
664 C,12230,88,3,-4
665 C,12231,78,6,-9
666 C,12232,63,10,-15
667 C,12233,47,13,-20
668 C,12234,36,16,-23
669 C,12235,21,17,-24
670 C,12236,87,9,-4
671 C,12237,81,19,-8
672 C,12238,73,29,-12
673 C,12239,66,37,-13
674 C,12240,53,50,-15
675 C,12241,41,58,-11
676 C,12242,32,56,-2
677 C,12243,85,9,-3
678 C,12244,83,12,-5
679 C,12245,80,14,-6
680 C,12246,68,23,-9
681 C,12247,54,31,-11
682 C,12248,42,38,-11
683 C,12249,31,40,-8
684 C,12250,83,12,-3
685 C,12251,78,17,-5
686 C,12252,71,20,-6
687 C,12253,62,25,-8
688 C,12254,51,32,-10
689 C,12255,37,37,-10
690 C,12256,24,32,-6
691 C,12257,85,9,2
692 C,12258,80,14,2
693 C,12259,72,20,3
694 C,12260,62,26,4
695 C,12261,54,31,4
696 C,12262,42,35,7
697 C,12263,36,34,10
698 C,12264,88,11,2
699 C,12265,83,19,1
700 C,12266,77,27,4
701 C,12267,67,39,6
702 C,12268,55,48,10
703 C,12269,44,51,19
704 C,12270,37,47,26
705 C,12271,90,9,1
706 C,12272,86,15,1
707 C,12273,80,26,1
708 C,12274,72,41,6
709 C,12275,61,57,15
710 C,12276,53,63,27
711 C,12277,46,61,39
712 C,12278,85,14,29
713 C,12279,82,19,36
714 C,12280,77,25,49
715 C,12281,69,36,63
716 C,12282,63,41,69
717 C,12283,55,45,63
718 C,12284,48,43,58
719 C,12285,83,10,23
720 C,12286,78,13,29
721 C,12287,72,17,36
722 C,12288,61,22,45
723 C,12289,52,26,48
724 C,12290,41,27,45
725 C,12291,35,25,35
726 C,12292,80,8,20
727 C,12293,76,9,24
728 C,12294,70,12,28
729 C,12295,58,16,34
730 C,12296,48,19,40
731 C,12297,34,21,37
732 C,12298,27,18,30
7401 C,12299,91,-1,32
7402 C,12300,87,0,33
7403 C,12301,86,1,42
7404 C,12302,88,-3,74
7405 C,12303,84,2,82
7406 C,12304,81,6,81
7407 C,12305,69,8,46
7408 C,12306,80,11,81
7409 C,12307,77,14,73
7410 C,12308,78,25,40
7411 C,12309,74,18,47
7412 C,12310,62,27,53
7413 C,12311,64,29,56
7414 C,12312,55,30,56
7415 C,12313,79,14,14
7416 C,12314,60,47,36
7417 C,12315,54,56,44
7418 C,12316,52,48,21
7419 C,12317,46,43,12
7420 C,12318,36,51,13
7421 C,12319,24,34,5
7422 C,12320,86,15,2
7423 C,12321,59,52,5
7424 C,12322,55,64,0
7425 C,12323,41,58,9
7426 C,12324,36,56,16
7427 C,12325,34,50,23
7428 C,12326,28,30,2
7429 C,12327,80,16,-3
7430 C,12328,74,22,-4
7431 C,12329,62,32,-5
7432 C,12330,51,39,-2
7433 C,12331,42,47,0
7434 C,12332,38,45,2
7435 C,12333,33,44,-3
7436 C,12334,89,8,-5
7437 C,12335,75,15,-13
7438 C,12336,72,27,-21
7439 C,12337,62,22,-19
7440 C,12338,56,23,-19
7441 C,12339,50,40,-42
7442 C,12340,43,52,-52
7443 C,12341,88,2,-7
7444 C,12342,76,5,-19
7445 C,12343,68,7,-17
7446 C,12344,58,13,-35
7447 C,12345,34,17,-25
7448 C,12346,26,11,-9
7449 C,12347,20,15,-8
7450 C,12348,79,0,-12
7451 C,12349,69,-2,-33
7452 C,12350,62,6,-40
7453 C,12351,67,-4,-34
7454 C,12352,57,-10,-25
7455 C,12353,40,8,-49
7456 C,12354,48,8,-39
7457 C,12355,86,-11,-9
7458 C,12356,69,-17,-19
7459 C,12357,58,-21,-23
7460 C,12358,52,-16,-39
7461 C,12359,49,-13,-41
7462 C,12360,34,-5,-38
7463 C,12361,16,-4,-24
7464 C,12362,80,-18,-2
7465 C,12363,71,-40,-1
7466 C,12364,65,-37,-16
7467 C,12365,61,-34,-16
7468 C,12366,45,-18,-29
7469 C,12367,37,-13,-29
7470 C,12368,35,-18,-20
7471 C,12369,82,-32,-5
7472 C,12370,69,-30,-6
7473 C,12371,57,-36,-2
7474 C,12372,45,-26,-14
7475 C,12373,48,-18,-7
7476 C,12374,31,-20,-10
7477 C,12375,30,-12,-13
7478 C,12376,85,-29,10
7479 C,12377,74,-58,29
7480 C,12378,68,-56,28
7481 C,12379,65,-58,39
7482 C,12380,57,-51,31
7483 C,12381,35,-26,15
7484 C,12382,32,-30,8
7485 C,12383,87,-10,15
7486 C,12384,86,-24,33
7487 C,12385,81,-41,49
7488 C,12386,78,-47,56
7489 C,12387,64,-31,40
7490 C,12388,59,-26,36
7491 C,12389,54,-13,36
7492 C,12390,80,-14,36
7493 C,12391,78,-11,24
7494 C,12392,69,-12,17
7495 C,12393,61,-14,45
7496 C,12394,54,-17,50
7497 C,12395,48,-1,15
7498 C,12396,40,-9,23
7499 C,12397,91,-3,27
7500 C,12398,84,0,22
7501 C,12399,81,1,23
7502 C,12400,76,3,26
7503 C,12401,64,-1,28
7504 C,12402,53,7,19
7505 C,12403,44,11,23
7506 C,12404,88,2,22
7507 C,12405,87,10,33
7508 C,12406,78,9,34
7509 C,12407,71,13,41
7510 C,12408,62,18,48
7511 C,12409,56,20,51
7512 C,12410,49,23,49
7513 C,12411,78,14,13
7514 C,12412,71,16,22
7515 C,12413,63,19,27
7516 C,12414,44,26,36
7517 C,12415,37,27,34
7518 C,12416,37,12,10
7519 C,12417,34,6,11
7520 C,12418,81,14,13
7521 C,12419,67,11,18
7522 C,12420,53,28,25
7523 C,12421,49,32,17
7524 C,12422,46,33,22
7525 C,12423,49,17,23
7526 C,12424,35,34,35
7527 C,12425,84,-1,7
7528 C,12426,76,2,7
7529 C,12427,70,2,8
7530 C,12428,62,3,11
7531 C,12429,45,4,13
7532 C,12430,36,5,13
7533 C,12431,25,5,12
7534 C,12432,82,-1,7
7535 C,12433,72,-1,11
7536 C,12434,66,-1,12
7537 C,12435,70,-3,4
7538 C,12436,63,-5,5
7539 C,12437,60,-2,3
7540 C,12438,33,-1,-4
7541 C,12439,89,-3,-2
7542 C,12440,75,-8,-6
7543 C,12441,67,-3,-7
7544 C,12442,55,-4,-10
7545 C,12443,35,-5,-12
7546 C,12444,22,-5,-12
7547 C,12445,11,-3,-10
7548 C,12446,83,10,83
7549 C,12447,79,19,81
7550 C,12448,65,18,69
7551 C,12449,57,15,62
7552 C,12450,38,9,35
7553 C,12451,31,5,24
7554 C,12452,27,4,14
7555 C,12453,69,11,68
7556 C,12454,61,10,58
7557 C,12455,54,7,50
7558 C,12456,50,9,45
7559 C,12457,48,10,40
7560 C,12458,44,5,33
7561 C,12459,41,1,25
7562 C,12460,66,7,35
7563 C,12461,68,16,61
7564 C,12462,65,26,69
7565 C,12463,59,29,56
7566 C,12464,50,27,39
7567 C,12465,41,19,30
7568 C,12466,38,14,23
7569 C,12467,64,26,60
7570 C,12468,63,26,57
7571 C,12469,60,24,51
7572 C,12470,55,23,45
7573 C,12471,50,23,43
7574 C,12472,49,18,36
7575 C,12473,43,12,31
7576 C,12474,65,29,43
7577 C,12475,63,35,51
7578 C,12476,59,42,52
7579 C,12477,55,50,52
7580 C,12478,49,43,41
7581 C,12479,39,24,25
7582 C,12480,34,11,15
7583 C,12481,53,37,47
7584 C,12482,50,37,46
7585 C,12483,49,31,37
7586 C,12484,44,29,34
7587 C,12485,41,28,31
7588 C,12486,38,17,23
7589 C,12487,32,7,12
7590 C,12488,76,8,16
7591 C,12489,59,23,31
7592 C,12490,48,36,38
7593 C,12491,40,37,32
7594 C,12492,34,28,22
7595 C,12493,31,19,17
7596 C,12494,29,13,13
7597 C,12495,50,56,49
7598 C,12496,47,47,42
7599 C,12497,43,47,40
7600 C,12498,37,33,28
7601 C,12499,36,27,26
7602 C,12500,37,19,23
7603 C,12501,32,15,17
7604 C,12502,87,5,2
7605 C,12503,79,13,9
7606 C,12504,68,24,15
7607 C,12505,56,33,22
7608 C,12506,43,37,26
7609 C,12507,35,30,20
7610 C,12508,29,23,12
7611 C,12509,79,11,10
7612 C,12510,68,17,13
7613 C,12511,62,18,14
7614 C,12512,57,14,11
7615 C,12513,47,12,7
7616 C,12514,36,12,5
7617 C,12515,29,12,4
7618 C,12516,56,33,33
7619 C,12517,48,45,37
7620 C,12518,43,53,36
7621 C,12519,39,54,33
7622 C,12520,34,45,24
7623 C,12521,33,41,23
7624 C,12522,32,35,20
7625 C,12523,55,55,42
7626 C,12524,46,57,44
7627 C,12525,39,50,32
7628 C,12526,37,47,29
7629 C,12527,30,26,12
7630 C,12528,27,22,11
7631 C,12529,24,20,8
7632 C,12530,82,5,0
7633 C,12531,70,12,2
7634 C,12532,55,38,1
7635 C,12533,47,58,9
7636 C,12534,42,61,17
7637 C,12535,36,43,9
7638 C,12536,31,36,7
7639 C,12537,50,16,2
7640 C,12538,39,37,5
7641 C,12539,34,43,6
7642 C,12540,30,33,-2
7643 C,12541,28,27,-2
7644 C,12542,25,22,-4
7645 C,12543,23,19,-2
7646 C,12544,53,24,-5
7647 C,12545,43,48,-6
7648 C,12546,36,53,-10
7649 C,12547,32,50,-13
7650 C,12548,28,40,-14
7651 C,12549,28,33,-16
7652 C,12550,25,29,-14
7653 C,12551,58,7,-6
7654 C,12552,55,21,-14
7655 C,12553,48,35,-19
7656 C,12554,38,42,-22
7657 C,12555,29,35,-18
7658 C,12556,31,29,-17
7659 C,12557,29,21,-10
7660 C,12558,62,5,-9
7661 C,12559,51,18,-17
7662 C,12560,37,32,-26
7663 C,12561,31,35,-31
7664 C,12562,31,31,-31
7665 C,12563,30,27,-26
7666 C,12564,35,9,-10
7667 C,12565,52,0,-22
7668 C,12566,48,6,-29
7669 C,12567,43,12,-33
7670 C,12568,38,14,-36
7671 C,12569,34,17,-37
7672 C,12570,31,19,-37
7673 C,12571,37,9,-29
7674 C,12572,59,4,-22
7675 C,12573,55,6,-24
7676 C,12574,46,16,-30
7677 C,12575,40,23,-32
7678 C,12576,36,25,-35
7679 C,12577,31,23,-36
7680 C,12578,27,27,-36
7681 C,12579,68,-3,-21
7682 C,12580,55,-2,-30
7683 C,12581,45,-1,-38
7684 C,12582,39,1,-39
7685 C,12583,36,3,-42
7686 C,12584,33,1,-42
7687 C,12585,29,9,-47
7688 C,12586,59,-15,-34
7689 C,12587,56,-17,-35
7690 C,12588,46,-14,-36
7691 C,12589,39,-9,-37
7692 C,12590,34,-8,-35
7693 C,12591,29,-6,-33
7694 C,12592,26,-6,-29
7695 C,12593,66,-12,-16
7696 C,12594,60,-14,-17
7697 C,12595,53,-14,-20
7698 C,12596,46,-12,-20
7699 C,12597,41,-12,-21
7700 C,12598,36,-13,-25
7701 C,12599,34,-14,-25
7702 C,12600,64,-23,-24
7703 C,12601,59,-27,-27
7704 C,12602,51,-21,-30
7705 C,12603,43,-17,-29
7706 C,12604,41,-16,-29
7707 C,12605,38,-17,-23
7708 C,12606,33,-16,-21
7709 C,12607,68,-24,-13
7710 C,12608,62,-34,-19
7711 C,12609,57,-30,-19
7712 C,12610,50,-25,-22
7713 C,12611,48,-27,-16
7714 C,12612,45,-26,-14
7715 C,12613,38,-24,-12
7716 C,12614,56,-37,-6
7717 C,12615,50,-34,-5
7718 C,12616,45,-30,-7
7719 C,12617,41,-29,-6
7720 C,12618,37,-28,-3
7721 C,12619,35,-24,-8
7722 C,12620,31,-23,-6
7723 C,12621,62,-33,8
7724 C,12622,55,-44,12
7725 C,12623,49,-43,18
7726 C,12624,45,-40,17
7727 C,12625,41,-37,15
7728 C,12626,38,-35,12
7729 C,12627,33,-29,5
7730 C,12628,56,-34,20
7731 C,12629,50,-41,25
7732 C,12630,45,-42,23
7733 C,12631,41,-38,18
7734 C,12632,37,-27,12
7735 C,12633,34,-18,12
7736 C,12634,33,-15,7
7737 C,12635,62,-34,47
7738 C,12636,60,-43,41
7739 C,12637,57,-46,36
7740 C,12638,53,-40,34
7741 C,12639,51,-35,31
7742 C,12640,46,-26,26
7743 C,12641,41,-21,20
7744 C,12642,74,-14,71
7745 C,12643,69,-12,63
7746 C,12644,62,-11,52
7747 C,12645,57,-12,46
7748 C,12646,52,-10,39
7749 C,12647,47,-7,32
7750 C,12648,42,-7,26
7751 C,12649,74,-2,55
7752 C,12650,73,1,68
7753 C,12651,67,3,64
7754 C,12652,57,2,50
7755 C,12653,50,0,40
7756 C,12654,43,-1,29
7757 C,12655,40,-1,25
7758 C,12656,78,-6,77
7759 C,12657,72,-4,73
7760 C,12658,55,-3,47
7761 C,12659,47,-5,31
7762 C,12660,41,-9,23
7763 C,12661,38,-6,18
7764 C,12662,35,-5,18
7765 C,12663,72,-8,66
7766 C,12664,69,-7,65
7767 C,12665,64,-4,56
7768 C,12666,53,0,41
7769 C,12667,42,1,27
7770 C,12668,38,0,20
7771 C,12669,31,-1,13
8001 C,12670,58,0,0
8002 C,12671,55,2,5
8003 C,12672,54,3,7
8004 C,12673,52,3,12
8005 C,12674,50,5,15
8006 C,12675,49,6,18
801 C,12676,59,-22,-36
802 C,12677,76,-62,64
8020 C,12678,58,5,10
8021 C,12679,57,10,13
8022 C,12680,54,18,24
8023 C,12681,50,26,31
8024 C,12682,48,31,40
8025 C,12683,45,33,42
803 C,12684,92,-6,89
804 C,12685,77,26,58
8040 C,12686,60,1,2
8041 C,12687,57,8,7
8042 C,12688,55,12,11
8043 C,12689,52,20,16
8044 C,12690,48,27,25
8045 C,12691,46,28,28
805 C,12692,66,54,25
806 C,12693,60,77,-19
8060 C,12694,58,8,-3
8061 C,12695,55,14,0
8062 C,12696,52,21,1
8063 C,12697,49,29,5
8064 C,12698,47,29,8
8065 C,12699,45,30,13
807 C,12700,55,79,-34
808 C,12701,66,-47,4
8080 C,12702,58,7,-6
8081 C,12703,53,20,-10
8082 C,12704,49,28,-12
8083 C,12705,45,39,-15
8084 C,12706,42,48,-10
8085 C,12707,39,51,-4
809 C,12708,89,-16,80
810 C,12709,87,4,77
8100 C,12710,55,12,-11
8101 C,12711,51,20,-15
8102 C,12712,48,27,-19
8103 C,12713,43,36,-24
8104 C,12714,39,45,-19
8105 C,12715,36,46,-13
811 C,12716,71,40,37
812 C,12717,64,65,-3
8120 C,12718,58,5,-8
8121 C,12719,55,10,-12
8122 C,12720,50,17,-17
8123 C,12721,45,27,-24
8124 C,12722,42,33,-20
8125 C,12723,39,33,-16
813 C,12724,61,75,-26
814 C,12725,52,31,-52
8140 C,12726,54,8,-13
8141 C,12727,50,11,-18
8142 C,12728,45,20,-28
8143 C,12729,40,26,-34
8144 C,12730,39,23,-23
8145 C,12731,36,24,-21
8160 C,12732,58,2,-8
8161 C,12733,54,3,-14
8162 C,12734,44,12,-30
8163 C,12735,40,17,-38
8164 C,12736,36,20,-38
8165 C,12737,33,21,-37
8180 C,12738,59,-3,-7
8181 C,12739,53,-4,-19
8182 C,12740,47,-3,-28
8183 C,12741,41,1,-39
8184 C,12742,37,-2,-38
8185 C,12743,32,0,-35
8200 C,12744,58,-7,-10
8201 C,12745,55,-9,-14
8202 C,12746,52,-11,-21
8203 C,12747,48,-14,-29
8204 C,12748,46,-15,-19
8205 C,12749,43,-15,-17
8220 C,12750,57,-8,-10
8221 C,12751,55,-11,-15
8222 C,12752,53,-16,-20
8223 C,12753,50,-20,-25
8224 C,12754,45,-23,-22
8225 C,12755,41,-22,-18
8240 C,12756,60,-5,-4
8241 C,12757,56,-13,-10
8242 C,12758,55,-18,-14
8243 C,12759,52,-23,-19
8244 C,12760,49,-22,-10
8245 C,12761,47,-23,-7
8260 C,12762,58,-8,-5
8261 C,12763,56,-13,-7
8262 C,12764,53,-19,-8
8263 C,12765,50,-26,-9
8264 C,12766,46,-26,-6
8265 C,12767,41,-28,-2
8280 C,12768,60,-9,-3
8281 C,12769,59,-14,-3
8282 C,12770,58,-21,-4
8283 C,12771,57,-30,-3
8284 C,12772,55,-24,3
8285 C,12773,53,-27,7
8300 C,12774,61,-10,3
8301 C,12775,59,-15,5
8302 C,12776,58,-21,8
8303 C,12777,57,-29,13
8304 C,12778,55,-23,15
8305 C,12779,51,-23,18
8320 C,12780,61,-5,2
8321 C,12781,60,-13,14
8322 C,12782,60,-18,20
8323 C,12783,59,-25,27
8324 C,12784,58,-20,29
8325 C,12785,55,-19,32
8340 C,12786,61,-6,12
8341 C,12787,61,-10,19
8342 C,12788,62,-13,29
8343 C,12789,61,-17,37
8344 C,12790,59,-16,46
8345 C,12791,57,-14,51
8360 C,12792,62,-6,15
8361 C,12793,62,-7,25
8362 C,12794,63,-7,35
8363 C,12795,64,-6,47
8364 C,12796,61,-3,44
8365 C,12797,59,-1,48
8380 C,12798,61,-2,7
8381 C,12799,60,-2,14
8382 C,12800,60,0,22
8383 C,12801,60,3,29
8384 C,12802,57,8,41
8385 C,12803,55,10,44
8400 C,12804,56,0,0
8401 C,12805,53,-1,1
8402 C,12806,47,0,0
8403 C,12807,40,0,1
8404 C,12808,34,1,3
8405 C,12809,30,2,4
8420 C,12810,59,1,-1
8421 C,12811,54,1,-1
8422 C,12812,48,1,1
8423 C,12813,41,2,1
8424 C,12814,37,6,4
8425 C,12815,34,6,6
8440 C,12816,57,8,2
8441 C,12817,55,14,6
8442 C,12818,52,22,8
8443 C,12819,50,29,14
8444 C,12820,47,36,23
8445 C,12821,45,39,26
8460 C,12822,58,2,-3
8461 C,12823,53,5,-4
8462 C,12824,50,7,-4
8463 C,12825,45,10,-5
8464 C,12826,37,18,-3
8465 C,12827,36,18,0
8480 C,12828,41,-10,-14
8481 C,12829,40,-3,-15
8482 C,12830,34,-8,-20
8483 C,12831,27,-6,-27
8484 C,12832,33,-6,-30
8485 C,12833,38,-6,-32
8500 C,12834,53,-6,-1
8501 C,12835,48,-15,4
8502 C,12836,39,-10,-8
8503 C,12837,24,-6,-7
8504 C,12838,31,-9,-13
8505 C,12839,35,-10,-12
8520 C,12840,49,-3,15
8521 C,12841,35,-5,9
8522 C,12842,30,-7,4
8523 C,12843,24,-8,2
8524 C,12844,29,-10,-3
8525 C,12845,32,-9,-5
8540 C,12846,39,25,7
8541 C,12847,33,20,5
8542 C,12848,27,24,6
8543 C,12849,26,22,-3
8544 C,12850,30,21,-8
8545 C,12851,31,19,-9
8560 C,12852,37,18,18
8561 C,12853,35,22,10
8562 C,12854,32,25,6
8563 C,12855,34,20,12
8564 C,12856,37,18,9
8565 C,12857,38,17,5
8580 C,12858,49,13,32
8581 C,12859,42,14,30
8582 C,12860,39,14,30
8583 C,12861,33,15,30
8584 C,12862,34,13,25
8585 C,12863,36,12,22
8600 C,12864,37,1,2
8601 C,12865,30,2,3
8602 C,12866,25,1,-2
8603 C,12867,20,1,-8
8604 C,12868,24,0,-11
8605 C,12869,28,-2,-12
8620 C,12870,41,7,20
8621 C,12871,34,7,15
8622 C,12872,29,4,12
8623 C,12873,25,2,6
8624 C,12874,26,1,5
8625 C,12875,28,1,4
8640 C,12876,54,7,45
8641 C,12877,58,6,54
8642 C,12878,59,5,61
8643 C,12879,59,6,63
8644 C,12880,61,1,60
8645 C,12881,61,-2,54
8660 C,12882,52,2,41
8661 C,12883,52,-4,49
8662 C,12884,53,-7,51
8663 C,12885,54,-13,54
8664 C,12886,57,-14,51
8665 C,12887,58,-15,44
8680 C,12888,48,-4,31
8681 C,12889,50,-9,38
8682 C,12890,51,-18,41
8683 C,12891,52,-26,45
8684 C,12892,52,-26,39
8685 C,12893,54,-27,35
8700 C,12894,48,-7,21
8701 C,12895,48,-15,28
8702 C,12896,49,-23,29
8703 C,12897,48,-32,29
8704 C,12898,51,-32,24
8705 C,12899,53,-31,20
871 C,12900,50,1,23
872 C,12901,49,3,23
8720 C,12902,43,-16,9
8721 C,12903,46,-18,13
8722 C,12904,44,-26,11
8723 C,12905,48,-36,10
8724 C,12906,51,-34,6
8725 C,12907,53,-33,3
873 C,12908,48,6,23
874 C,12909,49,7,23
8740 C,12910,41,-16,1
8741 C,12911,40,-25,5
8742 C,12912,41,-23,0
8743 C,12913,40,-28,-7
8744 C,12914,43,-27,-11
8745 C,12915,45,-26,-14
875 C,12916,46,11,18
876 C,12917,46,14,19
8760 C,12918,38,-22,-6
8761 C,12919,36,-22,-13
8762 C,12920,36,-16,-12
8763 C,12921,32,-16,-21
8764 C,12922,37,-16,-24
8765 C,12923,40,-15,-25
877 C,12924,59,-1,-2
8780 C,12925,26,8,-22
8781 C,12926,28,1,-18
8782 C,12927,25,12,-36
8783 C,12928,23,6,-36
8784 C,12929,29,4,-36
8785 C,12930,33,3,-37
8800 C,12931,28,20,-15
8801 C,12932,28,18,-20
8802 C,12933,23,22,-30
8803 C,12934,24,25,-27
8804 C,12935,28,23,-29
8805 C,12936,31,21,-31
8820 C,12937,37,34,-3
8821 C,12938,33,40,-9
8822 C,12939,31,30,-18
8823 C,12940,26,34,-25
8824 C,12941,31,31,-29
8825 C,12942,32,31,-33
8840 C,12943,38,37,3
8841 C,12944,35,43,-1
8842 C,12945,33,49,-7
8843 C,12946,30,47,-15
8844 C,12947,33,44,-20
8845 C,12948,35,37,-22
8860 C,12949,40,34,19
8861 C,12950,38,37,12
8862 C,12951,36,45,9
8863 C,12952,34,50,12
8864 C,12953,35,46,2
8865 C,12954,37,41,-4
8880 C,12955,42,29,14
8881 C,12956,41,38,9
8882 C,12957,41,49,3
8883 C,12958,41,48,21
8884 C,12959,41,43,14
8885 C,12960,42,40,9
8900 C,12961,45,32,30
8901 C,12962,48,41,32
8902 C,12963,48,41,22
8903 C,12964,47,48,24
8904 C,12965,48,45,17
8905 C,12966,48,41,14
8920 C,12967,47,26,28
8921 C,12968,47,37,42
8922 C,12969,47,40,53
8923 C,12970,47,43,46
8924 C,12971,47,40,40
8925 C,12972,47,36,34
8940 C,12973,49,23,41
8941 C,12974,48,27,48
8942 C,12975,48,32,54
8943 C,12976,50,37,58
8944 C,12977,50,33,53
8945 C,12978,50,29,43
8960 C,12979,51,13,42
8961 C,12980,50,21,49
8962 C,12981,52,21,58
8963 C,12982,51,29,58
8964 C,12983,51,25,50
8965 C,12984,52,20,43
901 C,12985,64,-25,-35
902 C,12986,85,-45,48
9020 C,12987,93,-5,18
9021 C,12988,93,2,2
9022 C,12989,92,3,-1
9023 C,12990,91,3,-3
903 C,12991,95,-8,64
904 C,12992,86,12,40
9040 C,12993,92,-5,-4
9041 C,12994,92,-5,1
9042 C,12995,92,-3,1
9043 C,12996,91,-1,3
9044 C,12997,88,-10,-3
9045 C,12998,87,-8,-2
905 C,12999,75,37,10
906 C,13000,70,58,-23
9060 C,13001,94,-3,11
9061 C,13002,93,3,0
9062 C,13003,93,-4,0
9063 C,13004,94,-4,2
9064 C,13005,95,-3,8
907 C,13006,65,63,-33
908 C,13007,66,-27,-34
9080 C,13008,90,-1,3
9081 C,13009,88,0,4
9082 C,13010,82,0,5
9083 C,13011,81,-1,5
9084 C,13012,69,0,5
909 C,13013,88,-36,40
910 C,13014,95,-7,50
9100 C,13015,92,-2,3
9101 C,13016,90,-2,3
9102 C,13017,87,-2,2
9103 C,13018,86,-2,2
911 C,13019,89,7,31
912 C,13020,79,32,7
9120 C,13021,94,-6,27
9121 C,13022,94,-7,31
9122 C,13023,90,-5,21
9123 C,13024,86,-3,16
913 C,13025,74,48,-20
914 C,13026,70,54,-29
9140 C,13027,94,-3,17
9141 C,13028,94,-4,21
9142 C,13029,90,-3,15
9143 C,13030,89,-2,14
915 C,13031,70,-31,-32
916 C,13032,89,-28,30
9160 C,13033,91,0,20
9161 C,13034,88,0,18
9162 C,13035,87,0,12
9163 C,13036,83,0,12
917 C,13037,95,-8,39
918 C,13038,91,6,25
9180 C,13039,92,2,13
9181 C,13040,91,2,15
9182 C,13041,89,2,11
9183 C,13042,87,2,10
9184 C,13043,91,0,11
9185 C,13044,90,1,10
9186 C,13045,85,2,9
919 C,13046,84,24,5
920 C,13047,80,36,-15
9200 C,13048,91,4,12
9201 C,13049,91,3,13
9202 C,13050,89,3,10
9203 C,13051,86,3,10
921 C,13052,77,39,-21
922 C,13053,70,-47,2
9220 C,13054,90,4,11
9221 C,13055,87,5,11
9222 C,13056,86,5,8
9223 C,13057,85,3,7
9224 C,13058,93,1,7
9225 C,13059,92,1,8
9226 C,13060,91,1,6
923 C,13061,93,-15,63
924 C,13062,92,-2,58
9240 C,13063,92,4,4
9241 C,13064,89,5,4
9242 C,13065,87,5,6
9243 C,13066,84,5,5
9244 C,13067,93,2,4
925 C,13068,78,28,25
926 C,13069,71,51,-7
9260 C,13070,90,7,4
9261 C,13071,88,8,4
9262 C,13072,87,6,3
9263 C,13073,85,6,5
927 C,13074,69,60,-27
928 C,13075,57,28,-47
9280 C,13076,91,6,2
9281 C,13077,90,7,2
9282 C,13078,89,7,2
9283 C,13079,88,5,2
9284 C,13080,85,18,3
9285 C,13081,93,1,3
9286 C,13082,91,8,3
929 C,13083,73,-46,1
930 C,13084,94,-13,51
9300 C,13085,90,9,0
9301 C,13086,89,7,-1
9302 C,13087,85,10,0
9303 C,13088,86,8,0
931 C,13089,93,-2,51
932 C,13090,82,23,21
9320 C,13091,90,8,-3
9321 C,13092,87,9,-3
9322 C,13093,86,10,-4
9323 C,13094,84,9,-3
9324 C,13095,85,18,-9
933 C,13096,76,42,-8
934 C,13097,73,50,-24
9340 C,13098,89,5,-5
9341 C,13099,87,5,-6
9342 C,13100,86,5,-6
9343 C,13101,85,7,-7
9344 C,13102,78,16,-20
9345 C,13103,93,1,0
935 C,13104,65,21,-37
936 C,13105,79,-35,-2
9360 C,13106,87,4,-9
9361 C,13107,86,6,-9
9362 C,13108,86,4,-7
9363 C,13109,82,6,-9
937 C,13110,95,-11,37
938 C,13111,94,-3,36
9380 C,13112,90,0,-6
9381 C,13113,87,-1,-9
9382 C,13114,84,0,-12
9383 C,13115,85,0,-8
9384 C,13116,89,-1,-7
9385 C,13117,85,-1,-7
939 C,13118,87,15,15
940 C,13119,82,31,-9
9400 C,13120,89,-3,-7
9401 C,13121,89,-3,-8
9402 C,13122,89,-4,-5
9403 C,13123,86,-3,-8
941 C,13124,79,37,-19
942 C,13125,74,15,-27
9420 C,13126,89,-4,-8
9421 C,13127,88,-5,-7
9422 C,13128,86,-4,-8
9423 C,13129,83,-5,-8
9424 C,13130,88,-11,-6
9440 C,13131,87,-10,-9
9441 C,13132,87,-10,-10
9442 C,13133,86,-10,-9
9443 C,13134,84,-9,-8
9460 C,13135,92,-8,-5
9461 C,13136,87,-12,-7
9462 C,13137,85,-12,-7
9463 C,13138,85,-10,-6
9464 C,13139,84,-18,-15
9480 C,13140,90,-12,-4
9481 C,13141,90,-12,-5
9482 C,13142,88,-11,-6
9483 C,13143,86,-9,-2
9500 C,13144,89,-15,-5
9501 C,13145,86,-14,-3
9502 C,13146,88,-9,-2
9503 C,13147,87,-8,-1
9504 C,13148,85,-8,-2
9520 C,13149,93,-10,1
9521 C,13150,90,-8,0
9522 C,13151,90,-7,1
9523 C,13152,89,-6,1
9524 C,13153,89,-22,0
9525 C,13154,94,-5,4
9540 C,13155,93,-8,3
9541 C,13156,92,-6,2
9542 C,13157,86,-7,5
9543 C,13158,84,-8,5
9544 C,13159,94,-7,9
9560 C,13160,93,-8,7
9561 C,13161,90,-9,8
9562 C,13162,89,-7,8
9563 C,13163,87,-6,7
9580 C,13164,93,-9,15
9581 C,13165,91,-6,11
9582 C,13166,87,-4,9
9583 C,13167,84,-6,11
9584 C,13168,89,-6,10
9585 C,13169,87,-5,10
9600 C,13170,92,-7,16
9601 C,13171,91,-5,13
9602 C,13172,87,-5,14
9603 C,13173,86,-3,11
Black 2 C,13174,19,-1,10
Black 3 C,13175,15,-5,3
Black 4 C,13176,17,3,8
Black 5 C,13177,20,9,2
Black 6 C,13178,8,-3,-6
Black 7 C,13179,25,0,4
Black C,13180,17,1,2
Blue 072 C,13181,17,46,-77
Bright Red C,13182,56,70,58
Cool Gray 1 C,13183,87,-1,0
Cool Gray 10 C,13184,43,-2,-3
Cool Gray 11 C,13185,37,-2,-3
Cool Gray 2 C,13186,84,-1,1
Cool Gray 3 C,13187,81,-1,1
Cool Gray 4 C,13188,76,0,0
Cool Gray 5 C,13189,73,-1,0
Cool Gray 6 C,13190,69,-1,-2
Cool Gray 7 C,13191,63,-1,-2
Cool Gray 8 C,13192,58,-1,-2
Cool Gray 9 C,13193,50,-1,-3
Dark Blue C,13194,21,31,-69
Green C,13195,62,-47,9
Medium Purple C,13196,21,49,-59
Orange 021 C,13197,60,64,70
Pink C,13198,50,71,-18
Process Blue C,13199,52,-12,-45
Purple C,13200,46,67,-44
Red 032 C,13201,54,70,40
Reflex Blue C,13202,16,34,-66
Rhodamine Red C,13203,50,78,-18
Rubine Red C,13204,45,70,13
Violet C,13205,21,49,-67
Warm Gray 1 C,13206,85,1,4
Warm Gray 10 C,13207,47,2,7
Warm Gray 11 C,13208,42,3,7
Warm Gray 2 C,13209,79,1,5
Warm Gray 3 C,13210,75,1,5
Warm Gray 4 C,13211,71,1,5
Warm Gray 5 C,13212,68,1,5
Warm Gray 6 C,13213,65,2,5
Warm Gray 7 C,13214,59,2,6
Warm Gray 8 C,13215,55,3,6
Warm Gray 9 C,13216,51,2,7
Warm Red C,13217,57,68,48
Yellow 012 C,13218,87,2,86
Yellow C,13219,89,-1,87
